,track_name,artist_name,release_date,id_track,popularity,genero
0,La Curiosidad,"Jay Wheeler, DJ Nelson, Myke Towers",2020-06-12,4HYDUMY0xSpeBr0AMY9cUz,75,reggaeton
1,Hace Mucho Tiempo,Ele A El Dominio,2020-03-06,3eIvjtwoYC16ElxYE6ph7J,68,reggaeton
2,Piensan,Myke Towers,2020-01-24,1A9PKAFEHMWgXNLpgf7k4J,70,reggaeton
3,Girl,Myke Towers,2020-01-24,43NqTeL8pgBxKHPMiJKUP5,70,reggaeton
4,Tú,Myke Towers,2020-01-24,7xX3wvvcZvxGCa06KlgTCp,67,reggaeton
5,Relación Rota,Myke Towers,2020-01-24,5RClLxkUvnMWFUQ3VAQEHj,65,reggaeton
6,Como Panas,Bryant Myers,2020-10-30,0P05ImgE7sHrQIq9bSvyv5,66,reggaeton
7,Hasta Que Dios Diga,"Anuel AA, Bad Bunny",2020-05-29,06s3QtMJVXw1AJX3UfvZG1,69,reggaeton
8,CÓMO SE SIENTE - Remix,"JHAYCO, Bad Bunny",2020-05-09,2tFwfmceQa1Y6nRPhYbEtC,73,reggaeton
9,Hawái,Maluma,2020-08-21,1yoMvmasuxZfqHEipJhRbp,76,reggaeton
10,La Santa,"Bad Bunny, Daddy Yankee",2020-02-29,69vlMrzHwATKzupwNcUPyK,74,reggaeton
11,Dile a El,Rauw Alejandro,2020-11-13,13Tbv4nflNxg9kYBIbJnd9,72,reggaeton
12,LVCC,Myke Towers,2020-01-24,6Vz73JS65SbTUr046H1Hmr,65,reggaeton
13,120,Bad Bunny,2020-11-27,3KJ3opyV29269SXkPrc19l,68,reggaeton
14,Diosa,Myke Towers,2020-01-24,3JHpk0DOTOzyh0777JFAky,66,reggaeton
15,Azul,J Balvin,2020-03-19,2lCkncy6bIB0LTMT7kvrD1,73,reggaeton
16,Bandido,"Myke Towers, Juhn",2020-12-10,1xK1Gg9SxG8fy2Ya373oqb,67,reggaeton
17,DÁKITI,"Bad Bunny, JHAYCO",2020-11-27,4MzXwWMhyBbmu6hOcLVD49,72,reggaeton
18,Despeinada,"Ozuna, Camilo",2020-09-04,0JAZWvvqttGFm4UMDsPQXC,68,reggaeton
19,Hechizo,Myke Towers,2020-01-24,3cIJt1xpS6aExpVvXcvZ76,59,reggaeton
20,A Tu Merced,Bad Bunny,2020-02-29,4r9jkMEnArtWGH2rL2FZl0,71,reggaeton
21,Safaera,"Bad Bunny, Jowell & Randy, Ñengo Flow",2020-02-29,2DEZmgHKAvm41k4J3R2E9Y,70,reggaeton
22,Inolvidable,"Ovy On The Drums, Beéle",2020-01-15,0OTtnwUO8natNWSwdZvXVF,68,reggaeton
23,La Playa,Myke Towers,2020-01-24,6768f4xbHQBpJo5lvFVNvs,61,reggaeton
24,LA NOCHE DE ANOCHE,"Bad Bunny, ROSALÍA",2020-11-27,2XIc1pqjXV3Cr2BQUGNBck,70,reggaeton
25,MIB,Myke Towers,2020-01-24,7z9chavxReUpyOZoAkUnUb,61,reggaeton
26,El Manual,Anuel AA,2020-05-29,7kOf0qHO4Rcwk6QJifZDRJ,57,reggaeton
27,Si Veo a Tu Mamá,Bad Bunny,2020-02-29,41wtwzCZkXwpnakmwJ239F,73,reggaeton
28,La Forma en Que Me Miras,"Super Yei, Sammy Baby, Jone Quest, Myke Towers, Lenny Tavárez, Rafa Pabön",2020-04-20,57Ba26w9eoXx8BBUNgRNLV,66,reggaeton
29,Una Vez,"Bad Bunny, Mora",2020-02-29,5J7teKIJGtqVypgYI6sqXj,70,reggaeton
30,Explícito,Myke Towers,2020-12-15,6qraVL4IJaIj0IuEexYJNa,61,reggaeton
31,Tattoo - Remix with Camilo,"Rauw Alejandro, Camilo",2020-11-13,4G3PTss3mU33Tau7t4KbwE,68,reggaeton
32,Hecha Pa' Mi,Boza,2020-07-31,3VvA1wSxukMLsvXoXtlwWx,67,reggaeton
33,Otro,Myke Towers,2020-01-24,0wbBmZD9hESdXbW9AejGTN,56,reggaeton
34,Keii,Anuel AA,2020-02-07,5eEQCfq7MXQr6aHLNRUZLs,60,reggaeton
35,Que Malo,"Bad Bunny, Ñengo Flow",2020-02-29,53v2u51nq3CxiKUNphRzP1,67,reggaeton
36,25/8,Bad Bunny,2020-02-29,4NqQaovM14WR2hNPMFxgjb,65,reggaeton
37,Ponte Pa' Mi,"Rauw Alejandro, Myke Towers, Sky Rompiendo",2020-11-13,1dt2lHi5RCMPuxz4VxKYgi,65,reggaeton
38,PORFA,"Feid, Justin Quiles",2020-04-23,4TOmcZvw0gHa7GiXRbcYAW,68,reggaeton
39,BOOKER T,Bad Bunny,2020-11-27,26w9NTiE9NGjW1ZvIOd1So,69,reggaeton
40,Profecía,Ñengo Flow,2020-11-06,7BGUe5GJKgi86KNjo29Meb,63,reggaeton
41,Sur y Norte,"Ñengo Flow, Anuel AA",2020-05-15,2uy5wXDZQcdd89PvDBSfyy,55,reggaeton
42,Bichiyal,"Bad Bunny, Yaviah",2020-02-29,4j4w4CXm6BSr0s25wAWrrX,68,reggaeton
43,La Zona,Bad Bunny,2020-02-29,5kqNIqFjijuzvVLhuY9B8j,64,reggaeton
44,DÁKITI,"Bad Bunny, JHAYCO",2020-10-30,47EiUVwUp4C9fGccaPuUCS,74,reggaeton
45,Medusa,"JHAYCO, Anuel AA, J Balvin",2020-02-05,3qM0vBxIe4VUbK0Z0smuVP,61,reggaeton
46,La Difícil,Bad Bunny,2020-02-29,6NfrH0ANGmgBXyxgV2PeXt,67,reggaeton
47,LA DROGA,Bad Bunny,2020-11-27,67ACYA3UI6QMNtHX6b34wX,64,reggaeton
48,Soliá,Bad Bunny,2020-02-29,7sOfmPd18RWp3FoCzpa7Kw,66,reggaeton
49,Mi Estilo de Vida II,"Ñejo, Miky Woodz, Myke Towers, Ñengo Flow, Rauw Alejandro, Kenai, Arcángel",2020-08-06,4jpzkaXeIglP7BfyhmtNW9,57,reggaeton
50,Parcerita,Myke Towers,2020-01-24,2oZBb87Jgwrg3qYhwsy3BN,58,reggaeton
51,Embriagá,Bryant Myers,2020-10-30,3pwy2DZWJmFrBrJL1CMSxd,50,reggaeton
52,Rojo,J Balvin,2020-03-19,380HmhwTE2NJgawn1NwkXi,67,reggaeton
53,No Fue - Remix,"Leebrian, Cauty, Rauw Alejandro, Brray, Feid",2020-03-17,3b2STpVG1wHiZJ7u6hvmoR,62,reggaeton
54,Una Locura,"Ozuna, J Balvin, Chencho Corleone",2020-09-04,5y7DaS3jAc9eZzcSOoUIwU,65,reggaeton
55,La Jeepeta - Remix,"Nio Garcia, Anuel AA, Myke Towers, Brray, Juanka",2020-04-24,1mohfLaTJtB2RplHLQVM70,62,reggaeton
56,Caramelo - Remix,"Ozuna, KAROL G, Myke Towers",2020-09-04,67jvGGbJmOmVonlyX3mNkV,65,reggaeton
57,China,"Anuel AA, Daddy Yankee, KAROL G, Ozuna, J Balvin",2020-05-29,0KkIkfsLEJbrcIhYsCL7L5,63,reggaeton
58,Reggaetonera,Anuel AA,2020-05-29,6yVkakCN460KOVol9ZazjH,56,reggaeton
59,Madrid (feat. Myke Towers),"Maluma, Myke Towers",2020-08-21,19OXtYzrJyCrQvTbfukt4H,62,reggaeton
60,Cuando Fue,"Jay Wheeler, DJ Nelson, Feid",2020-06-12,748TYQSNoIN4p7W8damq2u,66,reggaeton
61,La Nota,"Manuel Turizo, Rauw Alejandro, Myke Towers",2020-10-08,7ndTONDDRFGiPnnhOzOXxq,62,reggaeton
62,TE MUDASTE,Bad Bunny,2020-11-27,5RubKOuDoPn5Kj5TLVxSxY,67,reggaeton
63,Reloj,"Rauw Alejandro, Anuel AA",2020-11-13,4loQgPwJHocL3dFwLfjb1J,65,reggaeton
64,Está Cabrón Ser Yo,"Bad Bunny, Anuel AA",2020-02-29,4saHEjXw7O1NXJOzBkUKKG,62,reggaeton
65,Funeral,Myke Towers,2020-01-24,1Q5veUVWf7OT9xjh1PZKOw,53,reggaeton
66,Por Primera Vez,"Camilo, Evaluna Montaner",2020-04-17,0pgj4EzB1XRqgZemoMNG5D,65,reggaeton
67,Subiendo De Nivel - Remix,"JHAYCO, Myke Towers",2020-01-24,2kvGoSGHWI0uvjJlooy1AQ,55,reggaeton
68,Hablamos Mañana,"Bad Bunny, Duki, Pablo Chill-E",2020-02-29,1V8XneTrX6kKeoxYbk4x6h,63,reggaeton
69,Yo Perreo Sola,Bad Bunny,2020-02-29,0SqqAgdovOE24BzxIClpjw,67,reggaeton
70,Diosa - Remix,"Myke Towers, Anuel AA, NATTI NATASHA",2020-10-28,1kIWef5hc2uAqkNxOTakzP,57,reggaeton
71,Relación,Sech,2020-05-21,3ZG8N7aWw2meb6UrI5ZmnZ,63,reggaeton
72,Enchule,Rauw Alejandro,2020-11-13,0S9ZVNTNRzLMgb96tmmG1u,60,reggaeton
73,Ronca,Myke Towers,2020-01-24,0WxhO7pvOWqFJRMBQ3q3B2,52,reggaeton
74,Si Me Dices Que Sí,"Reik, Farruko, Camilo",2020-02-18,56Ta1O7Jxxpjnc6cWdDKUo,64,reggaeton
75,Morado,J Balvin,2020-03-19,35KmOEIUqAGn02t7n4qaIr,63,reggaeton
76,De Vuelta Pa' La Vuelta,"Daddy Yankee, Marc Anthony",2020-12-10,7AUhck1sPy11OExQmDDx4P,63,reggaeton
77,Llegará,Myke Towers,2020-08-20,52zHq60TmFob7fBVx3BQSo,56,reggaeton
78,Si Se Da,"Myke Towers, Farruko",2020-01-24,4jMwPJMtMF977ciTvD5fwg,54,reggaeton
79,Vete,Bad Bunny,2020-02-29,2n7ohqg1s68ToAHh4u9mcW,66,reggaeton
80,Donde,"Ñengo Flow, JHAYCO",2020-05-15,2omuboPrC7ivHRrtUgF2JM,54,reggaeton
81,Secreto,"Anuel AA, KAROL G",2020-05-29,5lRk8V5r03FhvjKB58VSHV,62,reggaeton
82,Tutu,"Camilo, Pedro Capó",2020-04-17,1Ol5LmdNDNpFu1oNwfgkux,63,reggaeton
83,La Cama (Remix),"Lunay, Ozuna, Myke Towers, Chencho Corleone, Rauw Alejandro",2020-03-27,2tGENA8xef0wABdHvyXwv9,55,reggaeton
84,Mi Niña,"Wisin, Myke Towers, Los Legendarios",2020-09-23,2bgcUk2A3jjKbCJ7KPquTi,58,reggaeton
85,Jangueo,"Anuel AA, Tego Calderón",2020-05-29,7KKh0ujp8agIiCrkiJhf81,56,reggaeton
86,Que Se Freezen los Relojes,"Jon Z, Myke Towers",2020-07-10,5nwyEwu6ngrjZ9tkbvfqbp,48,reggaeton
87,Ignorantes,"Bad Bunny, Sech",2020-02-29,38RIEav39FGi86jppxO0du,63,reggaeton
88,Sur y Norte,"Ñengo Flow, Anuel AA",2020-05-14,5SMNzC4twfxy9c9JVlwfCZ,52,reggaeton
89,Mírame - Remix,"Nio Garcia, Rauw Alejandro, Lenny Tavárez, Myke Towers, Casper Magico, Darell",2020-07-24,7meQTf97i7gyAzeHTLIytv,59,reggaeton
90,Relación - Remix,"Sech, Daddy Yankee, J Balvin, ROSALÍA, Farruko",2020-09-04,35UUpTmrcFXNIVIN26ujXl,62,reggaeton
91,Favorito,Camilo,2020-04-17,0jT8Nl0shPS8115is0wD2Q,63,reggaeton
92,Tattoo - Remix with Camilo,"Rauw Alejandro, Camilo",2020-07-09,4ZRrLHqzhGRXYj2qcB4s5S,60,reggaeton
93,Fabuloso,"Sech, Justin Quiles",2020-05-21,3cg2Y9mIiYNdcPTLKaQgK3,53,reggaeton
94,"La Curiosidad (feat. Dj Nelson, JHAYCO, Lunay & Kendo Kaponi) - Blue Grand Prix Remix","Jay Wheeler, Myke Towers, Rauw Alejandro, DJ Nelson, JHAYCO, Lunay, Kendo Kaponi",2020-12-17,7LE1K0lZyRFZjSlrnm7lfD,58,reggaeton
95,Michael Myers,Myke Towers,2020-05-22,4R2fJxDWJ0HHjSgTmebdIt,53,reggaeton
96,Victoria,"Lunay, Beéle",2020-09-18,2BxzmBb2uqwnpyVuJqIIV9,59,reggaeton
97,BORRAXXA,"Feid, Manuel Turizo",2020-04-23,16uvds0iYqjEK8m5EGEdVd,60,reggaeton
98,La Jeepeta - Remix,"Nio Garcia, Anuel AA, Myke Towers, Brray, Juanka",2020-07-24,6bvfJf4KjonPMuPfGfy3S2,56,reggaeton
99,Pensándote,"Rauw Alejandro, Tainy",2020-11-13,2wnhst8yHA4gKuojAgZedh,65,reggaeton
100,La Prision,Ñengo Flow,2020-05-15,1NBRGHqZtTTkWp4HghrGK4,53,reggaeton
101,Amarillo,J Balvin,2020-03-19,6zEgnpM0qYmHLDnh8WPejL,61,reggaeton
102,Easy - Remix,"JHAYCO, Ozuna",2020-01-24,1NmQc6rwLv7g0UHL1AFOa9,51,reggaeton
103,Follow,"KAROL G, Anuel AA",2020-04-01,2w1rq80FIrbxeJy9WYURxw,59,reggaeton
104,ANTES QUE SE ACABE,Bad Bunny,2020-11-27,7kjEqI6eZ7YlFrGhxixnlN,64,reggaeton
105,Only Fans - Remix,"Young Martino, Lunay, Myke Towers, JHAYCO, Arcángel, Darell, Ñengo Flow, Brray, Joyce Santana",2020-10-23,1QaCsLoKEWVujL3owyyei4,52,reggaeton
106,CANCIÓN CON YANDEL,"Yandel, Bad Bunny",2020-05-10,3pm4XtcsRIFFtH2UErk62R,62,reggaeton
107,Elegí (feat. Dímelo Flow),"Rauw Alejandro, Dalex, Lenny Tavárez, Dímelo Flow",2020-03-26,50ZC4PM7hywH27RcCfViau,63,reggaeton
108,UN DIA (ONE DAY) (Feat. Tainy),"J Balvin, Dua Lipa, Bad Bunny, Tainy",2020-07-24,0EhpEsp4L0oRGM0vmeaN5e,64,reggaeton
109,TE DESEO LO MEJOR,Bad Bunny,2020-11-27,23XjN1s3DZC8Q9ZwuorYY4,63,reggaeton
110,PA' ROMPERLA,"Bad Bunny, Don Omar",2020-05-10,5XqCz18k96K8tx6DAYM97i,59,reggaeton
111,Hawái,Maluma,2020-07-29,4uoR6qeWeuL4Qeu2qJzkuG,62,reggaeton
112,Del Mar,"Ozuna, Doja Cat, Sia",2020-09-04,5cpJFiNwYyWwFLH0V6B3N8,62,reggaeton
113,Vida de Rico,Camilo,2020-09-21,73nAK3HgQK8dak83Y2WQ8F,57,reggaeton
114,Quiéreme Mientras Se Pueda,Manuel Turizo,2020-05-01,34LI7rwi9H8w2S5KTHnv1M,59,reggaeton
115,YO VISTO ASÍ,Bad Bunny,2020-11-27,5fROvzNghPid8mbKNDYvpJ,59,reggaeton
116,Pero Ya No,Bad Bunny,2020-02-29,75pQqzwgCjUOSSy5CpmAjy,61,reggaeton
117,Te Boté - Remix,"Nio Garcia, Casper Magico, Bad Bunny, Darell, Ozuna, Nicky Jam",2020-07-24,3X5M53Xi5k1SijRtZMM3TA,59,reggaeton
118,Narcos,Anuel AA,2020-05-29,7mcdgAXmb35dakBnfDIv3q,56,reggaeton
119,Parce (feat. Justin Quiles),"Maluma, Lenny Tavárez, Justin Quiles",2020-08-21,4RJz8NfIe09gpKMiRUWKhJ,62,reggaeton
120,Ponte Pa' Mi,"Rauw Alejandro, Myke Towers, Sky Rompiendo",2020-04-16,10u2iOS0r6plfb9GknD7g4,54,reggaeton
121,3 de Abril,Anuel AA,2020-04-03,1c2oYPFni5vth1v9M7fYZb,54,reggaeton
122,Perreo Pesau',Rauw Alejandro,2020-11-13,5bQ9rtAfOUbPmuxjPK8zDp,59,reggaeton
123,BAD CON NICKY,"Bad Bunny, Nicky Jam",2020-05-10,5bmSver2b3ZXyuyLKtgnFI,56,reggaeton
124,Como Panas,Bryant Myers,2020-02-14,74Ny4GlRYSDyWNc1bcLPJ8,54,reggaeton
125,Tattoo,Rauw Alejandro,2020-02-13,7na7Bk98usp84FaOJFPv3d,58,reggaeton
126,SORRY PAPI,"Bad Bunny, ABRA",2020-11-27,5jZ32WOU7sqzDYbzINwMUk,63,reggaeton
127,No Te Enamores - Remix,"Milly, Farruko, Nio Garcia, Jay Wheeler, Amenazzy",2020-11-20,2mM3gZ0BbPwPPMelbA8vgt,55,reggaeton
128,Conversacion Con Dios,Anuel AA,2020-05-13,7gUDNkTcVw0pQTY9HWHFSw,52,reggaeton
129,Caramelo - Remix,"Ozuna, KAROL G, Myke Towers",2020-08-17,2uu2aGqA2UblCg581Q7l1g,56,reggaeton
130,Sola & Vacía,"Casper Magico, Anuel AA",2020-04-16,46V4kseB66GjFGklCgynGX,47,reggaeton
131,Morado,J Balvin,2020-01-09,3mQ6SLdxxaL52Yte7KF2Ks,56,reggaeton
132,En Tu Cuerpo - Remix,"Lyanno, Rauw Alejandro, Lenny Tavárez, Maria Becerra",2020-09-04,3dEtfTtCXWW7N8WQ9FD29z,59,reggaeton
133,Gan-Ga,Bryant Myers,2020-10-30,6otpRb4Ojsj6RNXYBz8Y1B,47,reggaeton
134,Chica Ideal,"Sebastian Yatra, Guaynaa",2020-10-16,21N4Buj4xsyLb218lYle61,58,reggaeton
135,PAM,"Justin Quiles, Daddy Yankee, El Alfa",2020-05-01,0eeKDrQxjqNl5bX5VCHDcn,53,reggaeton
136,Rojo,J Balvin,2020-02-27,4uziEsK1yiqdauKVDPsmVG,58,reggaeton
137,Así Soy Yo,"Anuel AA, Bad Bunny",2020-05-29,6NfC2FKfsfzuLIF4lThw0A,52,reggaeton
138,Fantasias - Remix,"Rauw Alejandro, Anuel AA, NATTI NATASHA, Farruko, Lunay",2020-03-06,0A37XY67wSdGqkGjtfW6aV,55,reggaeton
139,HOY COBRÉ,Bad Bunny,2020-11-27,0tjZv2hChdHZCW1zFXpy1J,60,reggaeton
140,Don Don,"Daddy Yankee, Anuel AA, Kendo Kaponi",2020-09-11,3kml9ZdpT7UYk1ugkjqOzt,52,reggaeton
141,La Bella y la Bestia,"Reik, Morat",2020-06-11,0G0p7mc4wEaQTsUpzEmkEs,61,reggaeton
142,BICHOTA,KAROL G,2020-10-23,7vrJn5hDSXRmdXoR30KgF1,61,reggaeton
143,Caramelo,Ozuna,2020-06-11,3gD4J3RUHy4OUuZ3qAiaiG,56,reggaeton
144,Nubes Negras,Anuel AA,2020-05-29,4HKYplESyMVVTmORSeQg8S,51,reggaeton
145,Una Noche Más,Myke Towers,2020-01-24,4ELPjDbXBZuJz2PCeUrvmm,47,reggaeton
146,Polvo,"Nicky Jam, Myke Towers",2020-11-20,68mrW6gXHgupgSiDHgaDi5,54,reggaeton
147,Estadia,"Omy de Oro, Rauw Alejandro",2020-09-03,1naW83N44WMeZ0W719OC14,47,reggaeton
148,BYE ME FUI,Bad Bunny,2020-05-10,0FktnzDqjClqU6iqOZVEs2,58,reggaeton
149,Kobe En LA,JHAYCO,2020-11-13,0dKO7r8XnLskHM4JJH3BRi,52,reggaeton
150,Ojitos,"Bryant Myers, Rauw Alejandro, Lyanno",2020-10-30,2DBKcMnDjodcSJJpBVfwPr,47,reggaeton
151,Loco - Remix,"Farruko, Beéle, NATTI NATASHA, Manuel Turizo",2020-04-24,6nGM44ZP7vSo0istUW2MOq,56,reggaeton
152,Estadia,"Omy de Oro, Rauw Alejandro",2020-10-09,7kJkDbS5UsKGlpBx64ooQA,46,reggaeton
153,BEBÉ,"Camilo, El Alfa",2020-11-25,7D7EH7MGyNHWSkqrszerI1,54,reggaeton
154,EXCXSXS,Feid,2020-04-23,0GbrwlmnRMJOQ5bRV9QcZa,58,reggaeton
155,Bandido,"Anuel AA, Mariah Angeliq",2020-05-29,5poUJOhLyalGkUedn3ggeX,47,reggaeton
156,Candela,"Super Yei, Jone Quest, Killatonez, Ñengo Flow, Juanka",2020-04-20,1bra22ihn1UyVyilRRcpy2,60,reggaeton
157,Fútbol & Rumba (feat. Enrique Iglesias),"Anuel AA, Enrique Iglesias",2020-05-29,2hDe0Ls5mVqs1XJqv7sbcM,52,reggaeton
158,Muévelo,"Nicky Jam, Daddy Yankee",2020-01-08,4VgYtXCVJ7IbWAZ5ryfvEQ,57,reggaeton
159,Favorito,Camilo,2020-03-26,0Snbzbd74RLfL0i4nn1vU5,55,reggaeton
160,El Problema,Anuel AA,2020-05-29,6cyH3OGfKQBevSYxJFIUCx,50,reggaeton
161,Ignorantes,"Bad Bunny, Sech",2020-02-14,3wYRLYuO1M88d8woWUIxct,58,reggaeton
162,La Bebe - Remix,"Anuel AA, Cardi B, Black Jonas Point, Secreto ""El Famoso Biberon"", Liro Shaq",2020-05-14,3DyiAk1BzIF8rq9rimypG4,49,reggaeton
163,RELXJXTE,"Feid, Sky Rompiendo",2020-04-23,0eI8yxgCGbguwbK26n22RQ,55,reggaeton
164,"PORFA Remix ( Feat. Maluma, Nicky Jam, Sech) - Remix","Feid, J Balvin, Maluma, Nicky Jam, Sech, Justin Quiles",2020-06-26,7lUdbnz7wsv3C9zzf4WHl9,56,reggaeton
165,"3G (feat. Jon Z, Don Chezina, Chencho Corleone & Myke Towers) - Remix","Wisin, Yandel, Farruko, Jon Z, Don Chezina, Chencho Corleone, Myke Towers",2020-01-24,6dyUkkcyYuDiHOwIRXYOJm,51,reggaeton
166,P FKN R,"Bad Bunny, Kendo Kaponi, Arcángel",2020-02-29,0fgsKar6uBO08vzHXkTjWi,57,reggaeton
167,WOW,Bryant Myers,2020-05-01,6ACqSGveBeaP18uquq5lNC,46,reggaeton
168,¿Qué Ha Pasao'?,"Abraham Mateo, Sofía Reyes",2020-06-19,5fxnoiUBJ5DMAQEYb2uFOr,51,reggaeton
169,EL CUARTO DE FERXXO,Feid,2020-04-23,1WBwck9KqWfe6mr2j06UEM,59,reggaeton
170,Miedito o Qué? (feat. KAROL G),"Ovy On The Drums, Danny Ocean, KAROL G",2020-11-25,7MoZgM6AsQaZw14WnKopuy,57,reggaeton
171,Por Mi Reggae Muero 2020,"Yandel, Anuel AA",2020-07-31,09yuQ2v1mHGWZVrpQB1Oj4,45,reggaeton
172,Puesto Pa' Guerrial,"Bad Bunny, Myke Towers",2020-02-29,5gCg2qMPzKkW4jS4dBKdDs,54,reggaeton
173,"A Mi También ft. Alvaro Diaz, Feid","Tainy, Alvaro Diaz, Feid",2020-12-18,5Bc130ZswADfOY9bxk1y98,58,reggaeton
174,MÁS DE UNA CITA,"Bad Bunny, Zion & Lennox",2020-05-10,4EJHKSnHENfjOxXWryyNtL,54,reggaeton
175,Negro,J Balvin,2020-03-19,2hsA9YWuF3C9Gosi4dpjJN,56,reggaeton
176,24/7,Bryant Myers,2020-10-30,31xPrlyZEYdCa7lYJtQTo6,44,reggaeton
177,Nocturna - Remix,"Nio Garcia, Bryant Myers, Lenny Tavárez, Miky Woodz, Jay Wheeler",2020-02-28,3l6Dc2DvpzEXJxnRTX5JUd,49,reggaeton
178,Locura,"Cali Y El Dandee, Sebastian Yatra",2020-05-07,5379uuUPHodsdVhy8pIAAr,53,reggaeton
179,Infiel - Remix,"Eix, Rauw Alejandro, Noriel, KEVVO, Brytiago, Jay Wheeler",2020-07-02,5Xe78U9cUwnWOuWbgYvAKZ,52,reggaeton
180,TBT,"Sebastian Yatra, Rauw Alejandro, Manuel Turizo",2020-02-20,4s45VgkknMFkdiGoUcjxQU,53,reggaeton
181,Reloj,"Rauw Alejandro, Anuel AA",2020-10-22,7r9ZhitdQBONTFOiJW5mr8,56,reggaeton
182,Fugaz,Myke Towers,2020-01-24,37PA06KMwSls6CDjjn1iZL,45,reggaeton
183,+Linda,Dalex,2020-04-20,5cBrOhKDyiJF9bPGUHKkG0,58,reggaeton
184,Tussi,"Arcángel, Justin Quiles, De La Ghetto, Eladio Carrion",2020-09-18,4vjVdfdBHnUiaFCcUa3gfn,47,reggaeton
185,"Ay, DiOs Mío!",KAROL G,2020-07-10,7x4ASXYEKfQBCewcZhK776,57,reggaeton
186,Lloras - Remix,"Cauty, Lenny Tavarez, Jay Wheeler, Noriel, Alex Rose",2020-02-21,4nRtWZQI8xiNEN6hVlgZCE,53,reggaeton
187,Soy Una Gargola,"Rauw Alejandro, Arcángel, Randy",2020-11-13,4bEwaORm2IBfu3omjEna7I,51,reggaeton
188,Viral,Myke Towers,2020-01-24,3drXiB4F47BpUqrEtj3rja,46,reggaeton
189,Caramelo,Ozuna,2020-09-04,5Jm4w8jmPEBTLjI9vH4fXo,54,reggaeton
190,A Güiro,Rafa Pabön,2020-04-23,4hgIsfE3u7duCJFYXm6kZe,41,reggaeton
191,De Cora <3,"Rauw Alejandro, J Balvin",2020-11-13,22Sh5dlwbERqJAq1fZk5b2,54,reggaeton
192,Activa,Bryant Myers,2020-10-30,3VebY4KbxKq1bqWDvY5lnW,43,reggaeton
193,Blanco,J Balvin,2020-03-19,5pXy29xzxR3aTB0SYRI590,54,reggaeton
194,EL MUNDO ES MÍO,Bad Bunny,2020-11-27,36DHxTW2xdr9GG15T9oK9L,56,reggaeton
195,RONCA FREESTYLE,Bad Bunny,2020-05-10,3XZeOzJ9tqnu58YP6cqApI,51,reggaeton
196,Indica,"Bryant Myers, Zion & Lennox",2020-10-30,2OBEegcLZmwOjbde5MoKPr,42,reggaeton
197,MALDITA POBREZA,Bad Bunny,2020-11-27,0Lsis3LB0XAK6XlTHXaJk2,57,reggaeton
198,Gris,J Balvin,2020-03-19,1syf62zw48zu4FrPwMtDHk,52,reggaeton
199,Wow - Remix,"Bryant Myers, Nicky Jam, Arcángel, Darell, El Alfa",2020-09-17,23eecknvvR5iFTcuS9Dkfd,48,reggaeton
200,Tentación,Bryant Myers,2020-10-30,3KJtwPI795h8kdMWX9S7pO,41,reggaeton
201,La Calle,"Alex Sensation, Myke Towers, JHAYCO, Arcángel, De La Ghetto, Darell",2020-04-02,7GdJX06fncms7j0KFRDYKy,43,reggaeton
202,"Pirueta (with Arcangel, Chencho Corleone, feat. Wisin & Yandel, Myke Towers)","Dímelo Flow, Arcángel, Chencho Corleone, Wisin & Yandel, Myke Towers",2020-04-24,5tx7TTJEcrV5642l0Sn2sD,46,reggaeton
203,Si Te Vas,"Sech, Ozuna",2020-05-21,2aGN6PplBq0xigh2lmqLbw,52,reggaeton
204,Tiene Que Saber,Myke Towers,2020-01-24,1PunuZtU4AGgG0ZUcV77u9,45,reggaeton
205,Estrés Postraumático,Anuel AA,2020-05-29,3QNh1pSglpiumBHtU8XnQe,48,reggaeton
206,No Te Vayas,Camilo,2020-04-17,1q1sjzJpUYEkTbA9Uz0qrU,58,reggaeton
207,BENDICIONES,Bad Bunny,2020-05-10,2CoMYp2uIKsT09nreEZnZn,54,reggaeton
208,Hasta la Muerte Acicalau,"Jon Z, Bryant Myers",2020-07-10,2JLuVsGHc6gvGdgmUDVrmr,40,reggaeton
209,Enchule,Rauw Alejandro,2020-09-18,3ThrfRAmijYU098H9q9tAs,49,reggaeton
210,Bounce,Cazzu,2020-04-23,3EO0tGvdBCw6vdChaNvVlc,60,reggaeton
211,Sigues Con El - Remix,"Arcángel, Sech, Romeo Santos",2020-04-10,4Pu0a2TuHOYtI4CCE3HEXI,55,reggaeton
212,La Tóxica,Farruko,2020-07-24,15OjBeqNX3bShsGYQbteRv,56,reggaeton
213,Hoy,Jamby El Favo,2020-11-13,7H1ZDpXGeJH1Z3Tbwd0j0z,53,reggaeton
214,Ven,Jamby El Favo,2020-04-10,37fv7xQx42fzx0ochN2esB,57,reggaeton
215,Mejor,"Dalex, Sech",2020-03-19,6C1jKbkCUgFws7M0M4oGCB,54,reggaeton
216,Lejanía,"Ryan Castro, Blessd",2020-11-27,0TqiEaLyxjkuWIi649BYLv,59,reggaeton
217,Química (feat. The Martinez Brothers),"Rauw Alejandro, Zion & Lennox, Mr. Naisgai, The Martinez Brothers",2020-11-13,7IZn95vTYrhHRbFmZsdD2A,48,reggaeton
218,Antes y Después,"Anuel AA, Kendo Kaponi, Yandel, Ñengo Flow",2020-05-29,0YbXuCsQwrsh5x0hgnED6z,49,reggaeton
219,Jeans,Justin Quiles,2020-08-14,3GtnId3Cm1Xa6joCj08nzW,53,reggaeton
220,Rosa,J Balvin,2020-03-19,464uJVLmr0fDJGXOnciaDe,52,reggaeton
221,Por Primera Vez,"Camilo, Evaluna Montaner",2020-03-09,0gWbAFRcUyZKdfUxEOuOiD,54,reggaeton
222,No Encuentro Palabras,"Abraham Mateo, Manuel Turizo",2020-06-19,15kHguIx34aMLWxVQgap63,45,reggaeton
223,El Mismo Aire,Camilo,2020-04-17,3a29UVSEIj6x3YcfKs2rdi,59,reggaeton
224,Como Se Siente,JHAYCO,2020-01-24,09tYvFOFp1pKxZ8GJVlOXm,51,reggaeton
225,FERXXO X ÑEJO,"Feid, Ñejo",2020-09-11,6qXKkWIJlEYgWOvvnaHVms,57,reggaeton
226,Mood,"Rauw Alejandro, Sech",2020-11-13,2ISzmtY9Exy1IwmJj3Hc7P,53,reggaeton
227,Strawberry Kiwi,Rauw Alejandro,2020-11-13,4jkZjaZkOCpgk2pqV8Wrw3,51,reggaeton
228,Diablo en Mujer,"Yandel, Myke Towers, NATTI NATASHA, Darell",2020-07-31,5VImGHyEZhJz7hf0YTTi4t,40,reggaeton
229,Me Prefiere A Mi,"Cazzu, Myke Towers",2020-04-23,6b38njkY1j48fruqRqrm6d,50,reggaeton
230,Te Echo De Menos,"Bryant Myers, Marko Silva",2020-07-13,5FD4AcNXnaVnt3hTQK8a9H,40,reggaeton
231,Lejanía,"Ryan Castro, Blessd",2020-11-27,0TqiEaLyxjkuWIi649BYLv,44,reggaeton
232,Somo o No Somos,Anuel AA,2020-05-29,3YeImruYgPnQtn4QgHqi04,46,reggaeton
233,Imaginaste - Remix,"JHAYCO, Wisin & Yandel",2020-01-24,3dJWIbkKEnI0Jb9CK6kdcg,51,reggaeton
234,La Playa - Remix,"Myke Towers, Maluma, Farruko",2020-01-03,70zg99pT51vB4wlMS7e4q7,52,reggaeton
235,La Mujer Traiciona,"Lenny Tavárez, Beéle",2020-08-20,2YpupWlGIpbkra73hHc8KW,50,reggaeton
236,La Luz,"Sech, J Balvin",2020-10-31,5zj8WNkBrEzlI5FKeYV4ol,47,reggaeton
237,Bentley,"Sech, Myke Towers",2020-05-21,3RGg9W1OyEiRMwu1Qi45dW,43,reggaeton
238,Bendecido,Bryant Myers,2020-10-30,2a5EVVTifpzAc8XCu2bOeP,43,reggaeton
239,Mantecado de Coco - Remix,"Nio Garcia, Bryant Myers, Alex Rose, Arcángel, Amenazzy, Young Blade",2020-03-06,40RIsrQU7P1zf5ucQg3tpc,40,reggaeton
240,Falta Amor,"Sebastian Yatra, Ricky Martin",2020-03-26,2ukaTb7sSeWHdr22n1xTBs,52,reggaeton
241,Mala Como Bala - Remix,"Green Cookie, Pusho, Ñengo Flow, Casper Magico, Hozwal",2020-06-08,6qZ1r5SXimm3k7JTbciIDf,38,reggaeton
242,Tocándote,Anuel AA,2020-05-29,2L6YJ2mSyqStxQX4OjUOon,44,reggaeton
243,Bellaquita (Remix),"Dalex, Lenny Tavárez, Anitta, NATTI NATASHA, Farruko, Justin Quiles",2020-03-19,4GGwM2Krtlx9G9ii1RaEOx,53,reggaeton
244,Poblado,"Crissin, Totoy El Frio, Natan & Shander",2020-12-11,47gSYfwFBbV1BXHfXEq1qs,55,reggaeton
245,+Linda - Remix,"Dalex, Arcángel, Manuel Turizo, De La Ghetto, Beéle",2020-09-18,3fjGgq6FEwGcIZfWx9W6ez,50,reggaeton
246,Bandido,"Myke Towers, Juhn",2020-12-15,3FiuYGuoADvGBeARUH3XXh,45,reggaeton
247,Ponte Pa' Mi,Justin Quiles,2020-11-20,4C6BlqqMwjFzOXzqpTeoWR,51,reggaeton
248,Definitivamente,"Daddy Yankee, Sech",2020-01-31,113PlnpZbHd3WIqeYjhZWv,51,reggaeton
249,Tussi,"Arcángel, Justin Quiles, Eladio Carrion, De La Ghetto",2020-10-16,3pnpENd2PXAKuetjLIylEr,42,reggaeton
250,Que Se Joda,"Anuel AA, Farruko, Zion",2020-05-29,5p3JJehpKHjr9pJT5eD2Lz,44,reggaeton
251,NEA,Feid,2020-09-11,2S6z7NH6jUhPlq0pBQNLuV,56,reggaeton
252,No La Mires,"Ozuna, JHAYCO",2020-09-04,4CZtyjaSq1RilbT2b5oQrs,42,reggaeton
253,Como Llora,Juanfran,2020-02-07,52zq2a71SGs3f1vJuv59ui,51,reggaeton
254,Atrevida,"DEKKO, Beéle, Montano",2020-02-28,24cDa0Cy1W3GAdc0MntGkO,49,reggaeton
255,De 0 a Siempre,"Beéle, Piso 21",2020-11-13,1qxwayGaQN4roLdX5L9pM6,50,reggaeton
256,Enemigos Ocultos,"Ozuna, Wisin, Myke Towers, Arcángel, Juanka, Cosculluela",2020-09-01,4DAuAtmSJEYoCDR3xpeliX,43,reggaeton
257,Relax,Bryant Myers,2020-10-30,5Atc9qqO8EXX3EPe7T7JqD,39,reggaeton
258,Ferrari,"Anuel AA, Lil Wayne",2020-05-29,4mbb7hmfDR6M9cQaLdYSFd,44,reggaeton
259,Dembow 2020,"Yandel, Rauw Alejandro",2020-07-31,0j1VxrPkMyFGvz0jZzxUoZ,46,reggaeton
260,Yo Sabía,Rauw Alejandro,2020-04-01,4MejJplHSsSoURz1oTMQ3s,46,reggaeton
261,Público,"Urba y Rome, Lyanno, Alex Rose",2020-08-28,1PzvsHLUbLRsXuKTDvgJPW,47,reggaeton
262,Trofeo,Sech,2020-05-21,4d2xH6EHSOycRY4BjOTKel,47,reggaeton
263,"Elegí (feat. Farruko, Anuel AA, Sech, Dímelo Flow & Justin Quiles) - Remix","Rauw Alejandro, Dalex, Lenny Tavárez, Farruko, Anuel AA, Sech, Dímelo Flow, Justin Quiles",2020-11-13,4RjOEjzp0gCCgfCRbCNg5y,47,reggaeton
264,La Presión,"Lalo Ebratt, Manuel Turizo",2020-06-19,0LXk0yWcGfACtMKX0igobq,43,reggaeton
265,La Tóxica (feat. Jay Wheeler & Tempo) - Remix,"Farruko, Sech, Myke Towers, Jay Wheeler, Tempo",2020-10-21,4gChz67rTHfVzKCZAHsifM,47,reggaeton
266,La Pared 360,"Lenny Tavárez, Justin Quiles",2020-02-06,2w8SKQCnT2YQK1qCqKl2uW,47,reggaeton
267,Mi Niña,Ozuna,2020-06-18,2UO9EmjBqFD6cxzlsv6z2v,46,reggaeton
268,Ojitos,"Bryant Myers, Rauw Alejandro, Lyanno",2020-03-13,0yWr85UQveWCOsoXwrwix7,39,reggaeton
269,No Me Ame,"Rvssian, Anuel AA, Juice WRLD",2020-04-17,2AuWgceaQyfMoI3EGavwGb,49,reggaeton
270,Rifles Rusos,"Anuel AA, Tego Calderón",2020-05-29,2WzUy86kPLYRLRwLtinZ1x,45,reggaeton
271,Rasta Barbie (Remix),"Gigolo Y La Exce, Myke Towers, Arcángel, El Alfa, Farruko",2020-09-25,4VK6edcFFihLvQd0RxAqMP,43,reggaeton
272,Gatita Gangster,"Cazzu, Ñengo Flow",2020-10-29,1xbJZcVJjRvlDWG3TFgBIZ,53,reggaeton
273,Tokyo,"De La Ghetto, Myke Towers",2020-08-28,2XeoX6KM7jDKHOYN8f4Wr1,43,reggaeton
274,Mayor,"Myke Towers, Yandel",2020-06-08,1OW47kPsWJfvhcQ7V7XwhC,41,reggaeton
275,No Te Creo,"Rauw Alejandro, Wisin & Yandel, Mr. Naisgai",2020-11-13,4QSCkYRmv06vKZjXPoarXz,47,reggaeton
276,Nada,"Cali Y El Dandee, Danna Paola",2020-08-14,4K8cyoCDovlc4FvtUr2Hfx,52,reggaeton
277,Mai Mai (feat. Ñengo Flow & Jory Boy),"Maluma, Ñengo Flow, Jory Boy",2020-08-21,3Mje1Tsr45PnoS42Tsddo7,45,reggaeton
278,Carta Real,Miky Woodz,2020-04-16,4cxmaFfDdrwJfQiJvNcEAb,48,reggaeton
279,otra vez,"Feid, Alvaro Diaz",2020-09-11,6RmnotfWeDu72fXhpo26Bq,52,reggaeton
280,SI ELLA SALE,Bad Bunny,2020-05-10,1zaDh3qaGSeSmulNyWlUxm,47,reggaeton
281,No Se Da Cuenta,"Ozuna, Daddy Yankee",2020-09-04,0wkr4KqObqC55h4U9wqwKn,46,reggaeton
282,enemigos,"Feid, Miky Woodz, Juhn",2020-09-11,05BpaUYj7dL1vsE2oNsTzV,50,reggaeton
283,Quisiera - Remix,"Rafa Pabön, Justin Quiles, Maikel Delacalle, Jerry Di, Jambene",2020-02-14,3pM6IcUbPPcVJtBkvKJ4fQ,43,reggaeton
284,Sativa,"Gigolo Y La Exce, Justin Quiles",2020-07-31,4qZuX1xe44sLorghP7t0xh,44,reggaeton
285,Enemigos Ocultos,"Ozuna, Wisin, Myke Towers, Arcángel, Juanka, Cosculluela",2020-09-04,3fhOpwaKobrELFjKLcXHgI,40,reggaeton
286,Tren Thomas,"Leebrian, Eladio Carrion",2020-08-14,2215X6fteco2cgMa8I8ifV,44,reggaeton
287,Perfume,"Dalex, Sech, Justin Quiles",2020-03-19,19VunfeIrl0bx984mJ810c,46,reggaeton
288,Traficando,"Ñengo Flow, Myke Towers, Brray",2020-05-15,5TzNnusUqaXFS0rAhlkkUa,40,reggaeton
289,Ponme al Dia,"Yandel, JHAYCO",2020-07-31,2pPUUM4NPWT4KV7Jf0Mnmb,44,reggaeton
290,Desesperado (Voy A Tomar),"Joey Montana, Greeicy, Cali Y El Dandee",2020-10-09,4tvtsvgrIksr7iqzPeADXB,50,reggaeton
291,Pa Los Gustos Los Colores (feat. Omy de Oro & Nekxum) - Remix,"Javiielo, Brytiago, KHEA, Omy de Oro, Nekxum",2020-10-02,1iUqt8Auimxp7dMGL5u1oe,46,reggaeton
292,Circunstancias,Bryant Myers,2020-10-30,6Xh8lj4Bw7PUZjCRv6dY0w,36,reggaeton
293,Un Sueño (feat. Trippie Redd),"Rauw Alejandro, Trippie Redd",2020-11-13,2Em9XZZw8yEgxjojjGxntN,46,reggaeton
294,Tutu - Remix,"Camilo, Shakira, Pedro Capó",2020-04-17,727DZ6qsujnLdNNLooqqZT,48,reggaeton
295,Relaciones,Lunay,2020-07-16,2TL9UACmry1qTiurBc2PjV,43,reggaeton
296,BORRAXXA,"Feid, Manuel Turizo",2020-02-14,2Y1EBfErprYwOlgluV9neb,47,reggaeton
297,Se Fuerte,Bryant Myers,2020-10-30,5OXN1QdlggfCm4a9YRCYU7,35,reggaeton
298,Ganas,"Bryant Myers, KEVVO, JQuiles, Alex Rose",2020-10-30,5FuzopLspEFWp4OyAwYFac,38,reggaeton
299,P.O Box,"Ele A El Dominio, Yecko",2020-01-23,5jn7haa8r8FrKhLR7bjn8i,44,reggaeton
300,Arcoíris,"J Balvin, Mr Eazi",2020-03-19,5zzbORcD0GwLY0wQHP1Xs1,47,reggaeton
301,VIDEITOXX,Feid,2020-04-23,2dxZ5DbZ4Iq6vMBYq4coqT,47,reggaeton
302,Mi Ex,Myke Towers,2020-12-15,5ohoKvnOts2U2igkCZow9z,40,reggaeton
303,Poco,"Reik, Christian Nodal",2020-11-25,6VZMIyzOupI4vA68RaUgXb,57,reggaeton
304,Asi Eh - Remix,"Miky Woodz, Tainy, Chencho Corleone, Darell",2020-09-24,5yyxjJEMqSyCySMM9MAoJI,42,reggaeton
305,El Final,Juanfran,2020-04-15,73Jaz0VyLFIZwRYOzHubiH,42,reggaeton
306,No Encuentro Palabras,"Abraham Mateo, Manuel Turizo",2020-01-31,5NJSLryp5WviTmppF33Peg,42,reggaeton
307,CU U U U UX,"Feid, Alvaro Diaz",2020-04-23,3jO5IAvslWxaTxswokg66i,50,reggaeton
308,Travesuras,"Flow La Movie, Nio Garcia, Casper Magico",2020-11-05,2etJ67Egf7woMgOikVrlJM,47,reggaeton
309,Loco Por Ti,Ñengo Flow,2020-05-15,2y3bQNVyjTqxPkMlekVZVN,36,reggaeton
310,Dime A Ve,JHAYCO,2020-07-03,2Wo6JkhZWITdfpys8U5OVE,42,reggaeton
311,Hookah & Sheridan's,Tommy Boysen,2020-05-29,4xkDB35EeIYut4jRVpRp3Y,57,reggaeton
312,Contigo o Sin Ti,"Bryant Myers, iZaak, Miky Woodz",2020-10-30,7AE5g083J141KPMG25MaNs,37,reggaeton
313,Llamé Pa' Verte,"Nio Garcia, Darell",2020-03-27,6IuSgPEMZCYtsfLAAGO5Ch,39,reggaeton
314,Pa Encima,"Ñengo Flow, Jory Boy",2020-05-15,39sOp04w7a6tzvHPcpnPf7,35,reggaeton
315,Desahogo (feat. Carla Morrison),"Nicky Jam, Carla Morrison",2020-06-28,71oz9Wgbrm873aMlVBrDKR,46,reggaeton
316,XX,Feid,2020-04-23,7BgIcfAlmUNW6IABxVJcT2,52,reggaeton
317,"Elegí (feat. Farruko, Anuel AA, Sech, Dímelo Flow & Justin Quiles) - Remix","Rauw Alejandro, Dalex, Lenny Tavárez, Farruko, Anuel AA, Sech, Dímelo Flow, Justin Quiles",2020-08-28,3oCghu20Kto5Xcu8Pg0cit,43,reggaeton
318,TX VXS,Feid,2020-04-23,4IFxyuny9fDbTKDXjy6nAY,47,reggaeton
319,JAMAICA,"Feid, Sech",2020-09-11,3mEuWQDngXevBTZLf48XDx,49,reggaeton
320,Cielo a un Diablo,Maluma,2020-08-21,7fOmJs2dwIJGFc90D8UzRu,47,reggaeton
321,Quítate la Pena,Piso 21,2020-04-14,79vQwfnfuQFaGuROR55se3,51,reggaeton
322,confesión,Feid,2020-03-27,1D3bBGBd3r1aZdBgNkCz6o,47,reggaeton
323,Quiereme Mientras se Pueda - Remix,"Manuel Turizo, Miky Woodz, Jay Wheeler",2020-09-11,3F7qB0cVZ4msKvy4jbvLRx,44,reggaeton
324,Como Va a Ser,Pinto Picasso,2020-06-25,3zrbxSHWhLn4ZjWEDmc2Yw,39,reggaeton
325,N' Alta,"Jamby El Favo, Fetti031",2020-07-25,6XIPFGcO8rInu2rtGvDOde,39,reggaeton
326,Qué Chimba,Maluma,2020-03-13,0rIZ49wxDf8H2LXOKmAMW5,46,reggaeton
327,ADMV - Versión Urbana,Maluma,2020-08-21,3LoNDgFKiaFYSyzhNESwo3,47,reggaeton
328,Power (feat. Jhay Cortez),"KEVVO, Myke Towers, Darell, JHAYCO",2020-01-17,4vjf7HjxPokSEiZO6A8t5z,35,reggaeton
329,Que Mal Te Fue,NATTI NATASHA,2020-06-01,2btKz4s1XrMn5VHe7xZJpi,45,reggaeton
330,Sigues Con El - Remix,"Arcángel, Sech, Romeo Santos",2020-10-16,5HokHzcT1yQtsy7lLagEiA,47,reggaeton
331,XNTXS,Feid,2020-04-23,24lBVR15wE6fcl7vN5pec1,47,reggaeton
332,A Güiro,Rafa Pabön,2020-10-22,7M3W79c9V6e1oLgHkx0gfv,35,reggaeton
333,Sin Ti - Remix,"Jay Wheeler, DJ Nelson, Brytiago",2020-06-12,6pLcaMkr9zB9nVMqe7sToa,43,reggaeton
334,Si Tu Amor No Vuelve,"Greeicy, Mike Bahía",2020-03-06,1Q2uBll5mMW8BY4T9XSrCo,50,reggaeton
335,Ay Amor - Reggaeton,"Hector & Tito, Víctor Manuelle",2020-09-11,4E1z3hsYE4bM1PNBvtAoZP,50,reggaeton
336,FRESH KERIAS,"Feid, Maluma, Sky Rompiendo",2020-04-23,6bfsLxdThst8i1LfkVmLZr,47,reggaeton
337,EN CASITA,"Bad Bunny, Gabriela",2020-05-10,2DhNdoHxavs7Qtf5MnhZD0,46,reggaeton
338,Hola,"Valentino, Rauw Alejandro, Darell",2020-07-17,6doqf1ew9CXLa1omRKvvjj,46,reggaeton
339,Mala Mía,"Jay Wheeler, DJ Nelson, Miky Woodz",2020-06-12,4gu6Akv9Q755ArkE1Vq4rG,42,reggaeton
340,"Todas Tus Amigas Están Mintiendo ft. Alvaro Diaz, Dylan Fuentes","Tainy, Alvaro Diaz, Dylan Fuentes",2020-12-18,2re98x1aMO6BYuX9cWKqo8,48,reggaeton
341,CHIMBITA,"Feid, Sky Rompiendo",2020-12-11,5xwjEzvJ2OSdnHlzusKNYA,48,reggaeton
342,Despeinada,"Ozuna, Camilo",2020-09-03,71cbRI2v81hE6TkKSQOwik,47,reggaeton
343,A Tu Nombre,"Juanka, Myke Towers",2020-03-13,5xxPlzDSAth4N0HNegS7e7,37,reggaeton
344,Los Besos,Greeicy,2020-04-16,6QSu3mgC8kUYtEDoBBQcJG,50,reggaeton
345,Militar,"Bryant Myers, Farruko, Omy de Oro, El Alfa, Chen, Julito",2020-10-30,7dpY06RC3prElH6M8lxF9v,32,reggaeton
346,AVXNTADXR,Feid,2020-04-23,2ZN0GHIwy1KLEJODW1uVkO,46,reggaeton
347,Hawái - Remix,"Maluma, The Weeknd",2020-11-05,0GzuHFG4Ql6DoyxFRnIk3F,57,reggaeton
348,Game Over,JHAYCO,2020-05-15,3K6fVuYLjjBp2bv98IIoxf,37,reggaeton
349,Un Día Más o un Día Menos,Miky Woodz,2020-04-16,2lDqMlnImMn4bwsim7vrpV,43,reggaeton
350,Cositas,"Brytiago, Rauw Alejandro",2020-06-19,28MQqYBRGytyNKE263ASRM,36,reggaeton
351,BREAK UP,"Feid, De La Ghetto",2020-09-11,4xpkpFN38ZUGTNH4majHuu,47,reggaeton
352,TBT - Remix,"Sebastian Yatra, Rauw Alejandro, Manuel Turizo, Cosculluela, Lalo Ebratt, Llane, Dalmata",2020-04-23,2SdwRMzLw1vKClRinPqtuU,41,reggaeton
353,Suele Suceder,"Piso 21, Nicky Jam",2020-04-14,2K9Kt5FZAcKgAj1MzpmR7F,50,reggaeton
354,Un AK,Cosculluela,2020-01-30,11a8gt4F4gv7WTZxt5VcUs,40,reggaeton
355,No Te Asustes - Remix,"Omy de Oro, Alex Rose, Jay Wheeler, Miky Woodz",2020-10-30,28KYmZ6j0XzJYmcPRHopIf,36,reggaeton
356,Si Estoy Contigo,Camilo,2020-04-17,6nTIchACfHZWP2zrGOVYFa,43,reggaeton
357,FOTOGRAFÍAS,"Feid, Zion & Lennox",2020-09-11,1q8oUVzv2NPMpeQbSAiUvH,48,reggaeton
358,En Tu Cuerpo,Lyanno,2020-02-14,4otCJXUgnt6SUMhDMNqjhX,46,reggaeton
359,PERREOXOXO,Feid,2020-04-23,31bsf9JZWITAir5Uzjtsp5,44,reggaeton
360,Subconsciente,"Yandel, Lunay",2020-07-31,456NTGEm7RgEumnZuCYtJL,34,reggaeton
361,A Solas (Remix),"Lunay, Lyanno, Anuel AA, Brytiago, Alex Rose",2020-06-19,5FQ2aVLXhCQkzmkic4WvjU,36,reggaeton
362,Provócame - Remix,"Miky Woodz, Wisin, Manuel Turizo, Justin Quiles, Lenny Tavárez",2020-08-13,4RdtVn0XGoKUAtrgtSmild,38,reggaeton
363,Chicharrón,"Guaynaa, Cauty",2020-05-28,7Md62KlD4lB1T8w1PNFcQD,53,reggaeton
364,Ni Te Imaginas,Abraham Mateo,2020-06-19,1fWJdgwIdzVupqvTlwbflu,34,reggaeton
365,All Black,"Jamby El Favo, Starbel",2020-01-17,3ZEiHFdN6gIOL8FPcogch6,39,reggaeton
366,Noche De Travesura,"Héctor ""El Father""",2020-02-28,2bfdfSVv2PrCyaenP7cvQe,41,reggaeton
367,Amor De Colegio,"Don Omar, Hector & Tito",2020-08-07,14TM4GQDBc7uQfBq1tzd78,43,reggaeton
368,La Oficial - Remix,"Andy Rivera, Zion & Lennox",2020-08-07,5EInzh0yMmcsbWYlMkqtDF,27,reggaeton
369,La Jeepeta,"Nio Garcia, Brray, Juanka",2020-01-02,4RaWbMItxVbuUExNkFsITP,44,reggaeton
370,Quizás,"Brytiago, Ozuna, Lunay",2020-07-17,7xiZayz1eFWnzLPztL80VQ,38,reggaeton
371,El Oso del Dinero,Ozuna,2020-09-04,5J9afgAuzZkApFxwB8qkAW,35,reggaeton
372,Recordar,"Green Cookie, Amarion, Marconi Impara, iZaak",2020-04-03,6WhgNHhugFGOp8pj7ld8rI,34,reggaeton
373,2020,KEVVO,2020-01-01,5ieYv6SThGLTW2hoPjTCCv,31,reggaeton
374,Tus Besos - Remix,"Juanka, Jay Wheeler",2020-10-02,4SieMb6AQmQgbjv9TfC5Qm,40,reggaeton
375,Anaranjado,"Jowell & Randy, J Balvin",2020-08-06,0cRgJuB6TRtb5RZ2HkjSLh,48,reggaeton
376,No Te Vayas,"Yandel, J Balvin",2020-07-31,3nowY0ZuWMuAmmAu1plEBP,40,reggaeton
377,Lucky,Pinto Picasso,2020-06-25,2O47HLPZyBQYshHNZXq3n1,38,reggaeton
378,Infiel,"Eix, Brytiago, Rauw Alejandro, Los Fantastikos",2020-04-24,3QBvyQ4aDDEq17L9KISpP2,41,reggaeton
379,Del Mar - Solo Version,Ozuna,2020-09-04,0fy1zbusOeX2ZWbCmsShuc,41,reggaeton
380,PORFA - Remix,"Feid, J Balvin, Maluma, Nicky Jam, Sech, Justin Quiles",2020-06-26,4iKznA0Zia7dNQxZ6574uC,42,reggaeton
381,Anaranjado,"Jowell & Randy, J Balvin",2020-07-16,5iw28wvyHgj4ppOu5AdcEU,46,reggaeton
382,Locura - Remix,"Cali Y El Dandee, Sebastian Yatra, Dalex, Justin Quiles",2020-07-31,2HgkTlPHdYGHdVjQ6eZMCK,37,reggaeton
383,A Mi Manera,Omy de Oro,2020-10-30,0g9BEw3stYObQaDvgwV8It,38,reggaeton
384,No Me Llama,"Zion & Lennox, Myke Towers",2020-12-03,4YqeXl57vJDYuEdcOL1vRD,34,reggaeton
385,Confía,"Sech, Daddy Yankee",2020-05-21,5kbps8unnGH4raN5WduZuq,41,reggaeton
386,Medusa,"JHAYCO, Anuel AA, J Balvin",2020-02-05,4LaPjt50WewBJAOyWuRFLf,33,reggaeton
387,Tan Enamorados,CNCO,2020-11-13,4z9b9AbzCw32Azqg8uJ0B6,48,reggaeton
388,Más De La Una,"Piso 21, Maluma",2020-12-03,69Y5IZuBvGyzySFt5x7kCq,48,reggaeton
389,Booty Call,"Darell, KEVVO",2020-08-14,21SA3m9Lgs1Ch9leBdYrfz,34,reggaeton
390,Contamos & Guerreamos,"Hozwal, Ñengo Flow, Myke Towers, Miky Woodz",2020-12-25,3I28qV2pV5hZl87LppmmzX,32,reggaeton
391,Una Mujer Remix,"DJ Nelson, Nio Garcia, Jay Wheeler, Darell, Brytiago, De La Ghetto",2020-04-03,20mVafAv3PlquV0e2JSjER,32,reggaeton
392,ADMV - Versión Urbana,Maluma,2020-05-15,3wBKCNw7BFIalnqe4VXzdK,42,reggaeton
393,No Hay Nadie Más,"ChocQuibTown, Rauw Alejandro, Lyanno",2020-06-12,0LzO18oxrn394t6FqjrZsO,39,reggaeton
394,Qué Mal Te Fue (Remix),"NATTI NATASHA, Justin Quiles, Miky Woodz",2020-10-09,7FhopXtl9z9YtD9NwUf9ss,36,reggaeton
395,Amantes y Amigos,"Arcángel, Sech",2020-10-02,1UHcnP31sAKOJFrEnyRNUz,43,reggaeton
396,Muy Feliz,Ñejo,2020-04-03,6q4yEf6ZZzYls2e4rM6fnK,43,reggaeton
397,Tiempo Pa Olvidar,"Abraham Mateo, Becky G",2020-06-18,69dNigIQhkCnL6pr7iRJPA,34,reggaeton
398,No Llores Mujer,"Anuel AA, Travis Barker",2020-05-29,6VN85VvNB8w1QbJCXW8rTC,38,reggaeton
399,Me Enamora,Mau y Ricky,2020-03-19,2hdhH9YsYQInj4NYU75XZZ,42,reggaeton
400,Borracho De Amor,"Cali Y El Dandee, Reik",2020-05-07,6CjbapUTRa0QabxJajf6pU,39,reggaeton
401,Despacio,"NATTI NATASHA, Nicky Jam, Manuel Turizo, Myke Towers, DJ Luian, Mambo Kingz",2020-02-17,203uubEQA07to1kbro35qQ,40,reggaeton
402,En Lo Oscuro,Sech,2020-05-21,5HsVMsv3IT1t3IdaHeCo0N,32,reggaeton
403,Rebota - Remix,"Guaynaa, Nicky Jam, Farruko, Becky G, Sech",2020-05-28,5ij8xwlhyLm8l9PZueBtp5,40,reggaeton
404,Satisfacción,"Arcángel, Myke Towers",2020-10-16,4oO8HV1rGgXIGklt8HYjJR,38,reggaeton
405,Látigo,Jowell & Randy,2020-08-06,1nvD54j8RrJEukr8oxCAok,46,reggaeton
406,Cárcel,Juanka,2020-03-13,7f5SeKPwJm4eM4GcngH2SX,37,reggaeton
407,Cuidao,"Ñengo Flow, El Micha",2020-05-15,3VhrDA90e4SGUV2wT9Pr3S,30,reggaeton
408,Tímida,"Tito ""El Bambino"", Chencho Corleone",2020-12-18,3jztoVZMBEaTX0bJDJREUB,39,reggaeton
409,Hoy Se Chicha,Jowell & Randy,2020-08-06,4SE7wJ6HNrxGf7RpAVyTwm,49,reggaeton
410,Morir Juntos,"Corina Smith, Lenny Tavárez",2020-09-10,4fIQZb61FlXSRbnGgIBSj8,39,reggaeton
411,Adentro De Ti,Ñengo Flow,2020-05-15,23JqPTxaXPtIbUJuBu27WQ,29,reggaeton
412,Gata Salvaje,Hector & Tito,2020-08-14,5ciEKAcCJbtK6gnFLwB1zj,41,reggaeton
413,Desnuda,"Jory Boy, Alex Rose",2020-02-07,2xesu70KZ2LlE6295hclOH,37,reggaeton
414,Luna,"Gigolo Y La Exce, Myke Towers",2020-08-28,5zT6JYm5IKgUVA7aAYsAhp,34,reggaeton
415,Soy Soldado,"Alex Campos, Redimi2",2020-03-20,43NlLkmUO6uW0034qTLvWl,50,reggaeton
416,Cositas,"Brytiago, Rauw Alejandro",2020-07-17,4XbeBJFshs4d3tNEF91AKt,35,reggaeton
417,Si Me Dices Que Sí (feat. Camilo) - R3HAB Remix,"Reik, Farruko, R3HAB, Camilo",2020-04-07,4qluwGB0E43AJFDcuQwKKV,38,reggaeton
418,Universitaria,Ñengo Flow,2020-12-24,5NfsXtW0Y7Wh90HHeCbGvW,39,reggaeton
419,Sigo a Lo Mío,Abraham Mateo,2020-06-19,3qwl2HXkYFMXJpadu68Sqq,26,reggaeton
420,Prófugo,Jamby El Favo,2020-11-13,40UU363iF01FyHILjHEKYH,43,reggaeton
421,Jalapeño - Remix,"Amenazzy, Wiz Khalifa, Myke Towers",2020-09-10,4rqZTNS29bCGNCDWNlMMwt,34,reggaeton
422,No Drama,"Becky G, Ozuna",2020-10-29,5Jq958VQwRyQFujau4TMKD,41,reggaeton
423,Payaso,Arcángel,2020-10-16,44r2HY8ZnKa5gJRqnKw7Sq,37,reggaeton
424,Vitamina,"Flyboiz, MC Davo, Felp 22, Dave Garsía",2020-01-09,1oc6FW18hQEUgDr25MePTB,51,reggaeton
425,Persia,Jossef,2020-08-07,3Nb754wzOs49m1gT0U4yn1,44,reggaeton
426,24 Horas,JHAYCO,2020-05-14,40oic7yTKS5DGEW2Wg0VEL,33,reggaeton
427,Nena Buena,"Nio Garcia, Casper Magico, Rauw Alejandro",2020-07-24,0u4onBOAKgL07mae3wdXtB,36,reggaeton
428,Birthday,"Bryant Myers, Tory Lanez y Farruko",2020-10-30,31unfDCMWepwtIyQV6qqw2,31,reggaeton
429,Matemáticas,Dalex,2020-03-19,3rBfD2swVRrL2yoqnTh2Fx,40,reggaeton
430,No Me Acostumbro,"Wisin, Ozuna, Reik, Los Legendarios, Miky Woodz",2020-12-03,1dFvzd0wivuzxU2BLcEynb,40,reggaeton
431,La Gatita - Remix,"Lalo Ebratt, Chencho Corleone, Cazzu, Tainy",2020-08-21,1qihgOJwlXqB4LQrY40MRT,38,reggaeton
432,Los Consejos,Greeicy,2020-07-03,17A6MT3U1YKYsYpn3tOEpA,46,reggaeton
433,Sigo Buscandote,"Ovy On The Drums, Mau y Ricky",2020-01-30,4z2c6wyTY9xgiPYUvznwUE,42,reggaeton
434,C14TORCE III,Cazzu,2020-02-13,5feYWe3hr9hZ7jEXfa2UcS,48,reggaeton
435,Yo Perreo Sola - Remix,"Bad Bunny, Nesi, Ivy Queen",2020-10-14,2cpteAYHcd4cjSxAeCkA52,45,reggaeton
436,Mundo Imaginario,Darell,2020-05-22,2yAdSSUJmBHFHHbpsq572s,34,reggaeton
437,Manantial,"KEVIN ROLDAN, Lyanno",2020-10-30,25Fcg1hnG974utYo8h2R2T,36,reggaeton
438,MORXX,Feid,2020-04-23,1auURVigxSAG01o9iTCvaX,41,reggaeton
439,Prende,Noriel,2020-02-13,0CbiWTt6jf5CqzqvYH4CPn,32,reggaeton
440,Que Tú Esperas,"Ozuna, Zion & Lennox",2020-09-04,1bkHetU9vnb9Ctwm5gXGOn,36,reggaeton
441,Condena,"Brytiago, Farruko",2020-08-20,2zO4ZLlrlmhxnNXjuLcYpc,37,reggaeton
442,Señal,"Pinto Picasso, Vikina",2020-06-25,1mPxJsJih80iCIiX6JIz2a,32,reggaeton
443,100,"Los G4, JHAYCO, Darell, De La Ghetto, Eladio Carrion",2020-06-19,5Y4l68eg1gnOZj6vs4RpP4,33,reggaeton
444,Llamé Pa' Verte,"Nio Garcia, Darell",2020-07-24,5rKvVyqtNT1EvrNuF9tLoF,29,reggaeton
445,WOW,Bryant Myers,2020-05-01,20BeHtwZCnGpqlqCORnFQw,23,reggaeton
446,Esto No Acaba,"Ozuna, Nicky Jam",2020-09-04,26NbqlL85qqnsZxJMT6IpZ,32,reggaeton
447,Exotikeo,"Jamby El Favo, Rvsell, ADSO",2020-07-03,4q4fi1vMzuMq6deQstGW7D,38,reggaeton
448,Raro,"Nacho, Chyno Miranda, Chino & Nacho",2020-03-13,4DEldV3wQKjbMRhVw64bg6,39,reggaeton
449,Jockey,"Dalex, Lenny Tavárez, iZaak, Dímelo Flow",2020-10-23,01SMtfSbJlcxUdJvOofMOx,41,reggaeton
450,Tyson,KEVVO,2020-05-22,7sS5P7HJpRI6dslzJ55z6C,29,reggaeton
451,Cenicero,"Javiielo, Jay Wheeler, Nekxum",2020-07-10,6y2saJECyq4nj7XE1pcdFL,38,reggaeton
452,Michael X,Myke Towers,2020-07-09,4BDNef3IA4NkoXkZeqrxch,30,reggaeton
453,No Te Mueras,"Miky Woodz, El Alfa",2020-04-16,45gaT9AFGhvWHc53aC0qaM,40,reggaeton
454,De Cora <3,"Rauw Alejandro, J Balvin",2020-11-12,3NRXhjpQA40exOujS2Q7sT,37,reggaeton
455,Cuenta Conmigo (feat. Mozart La Para),"Mike Bahía, Llane, Pj Sin Suela, Mozart La Para",2020-07-24,3KvK89jd2onVdthF4hZNN4,43,reggaeton
456,Qué Le Pasa a Mi Ex - Remix,"Andy Rivera, Feid",2020-02-07,4Sj0mKkKaKry9YENZ1vsOF,29,reggaeton
457,Como Me Ven,"Darell, Pablo Chill-E",2020-10-22,7j13aYb9i5749QxSI8Yhfv,37,reggaeton
458,Only The Team (with Lil Mosey & Lil Tjay),"Rvssian, Lil Mosey, Lil Tjay",2020-03-11,6UHfW9PmGAUjIVeIkPzPQ2,50,reggaeton
459,GOTA GOTA,"Zion & Lennox, El Alfa",2020-10-29,1oBbet1xcWpWgOw2Ddzsaj,33,reggaeton
460,Indiferente,Almighty,2020-12-04,0BmQjXfkOQQr1hUXDiYudW,30,reggaeton
461,Cuéntale,"Jay Wheeler, DJ Nelson, Nio Garcia",2020-06-12,6vnIld8LFXLXDUQsviJWgi,36,reggaeton
462,Dale,"Sech, Lenny Tavárez",2020-05-21,3CgFFlhanq6n5yTlEoVesJ,35,reggaeton
463,Actua,"Yandel, Ñengo Flow, KEVVO",2020-07-31,57xWRzNXuqDTH8TypfWtTB,29,reggaeton
464,Borracho De Amor,"Cali Y El Dandee, Reik",2020-01-24,4QtQgsK7DChmU4EM5NtqyK,35,reggaeton
465,Matemos Las Penas,"Lary Over, Jay Wheeler",2020-05-05,1fde0qztyBDt59kkEfzew7,33,reggaeton
466,MERA (with Dalex & Álvaro Díaz),"Tainy, Dalex, Alvaro Diaz",2020-01-17,3mr13zNWprAzYYY0RinBCp,35,reggaeton
467,Ya no me llames,"Ovy On The Drums, TINI",2020-03-25,75mVUHbkXidxhYAiUpxDHi,41,reggaeton
468,Suéltala,"Jorge Luis Chacin, Samy Hawk",2020-04-04,39NGmCWvdbz16Rn2ojJPXB,39,reggaeton
469,Ganas de Ti,"Wisin & Yandel, Sech",2020-02-27,4kuQJb8ghj6268fBTtB3bX,40,reggaeton
470,Un Get,Ozuna,2020-09-04,3s7MCkn0lSSSmA3YrAMsjp,36,reggaeton
471,Fuiste Tú,"Jay Wheeler, DJ Nelson",2020-06-12,7HjCBNjTWccEk6ypsQ5QXz,37,reggaeton
472,Honey Boo,"CNCO, NATTI NATASHA",2020-04-03,0P0UtGDZpUMWoFCuDTn78K,44,reggaeton
473,Fugitivo,"Ñengo Flow, Clandestino & Yailemm, Onyx Toca El Piano",2020-04-11,5g6oNghvPgWka07rEkv0Zu,26,reggaeton
474,Mala,Ozuna,2020-09-04,3sNJJNTeeIsvYTnT1Kc7kX,35,reggaeton
475,"La Curiosidad (feat. Dj Nelson, Arcangel, Zion & Lennox, De La Ghetto & Brray) - Red Grand Prix Remix","Jay Wheeler, Myke Towers, Becky G, DJ Nelson, Arcángel, Zion & Lennox, De La Ghetto, Brray",2020-12-17,5E97zd7EDczPvQ6GRNr6y2,36,reggaeton
476,Pa Olvidarte (feat. Manuel Turizo) - Remix,"ChocQuibTown, Zion & Lennox, Farruko, Manuel Turizo",2020-06-12,3k2pw4IRZXUS5W64yd7uVX,41,reggaeton
477,La Oficial,Andy Rivera,2020-04-10,3mK5f9tQ7gwxRe5wQdGyPA,20,reggaeton
478,Dándote,"Super Yei, Jone Quest, Juanka, Osquel",2020-04-20,74rZ6Lk2AXhEo1Pg34Taej,41,reggaeton
479,Perdón (feat. Yandel),"Maluma, Yandel",2020-08-21,4Pe8xNpIPm0Wx8M8QW5Nn7,42,reggaeton
480,Know You No More,Pinto Picasso,2020-06-25,6XTQOHhSvCDzhRmGweLN90,33,reggaeton
481,Bye,Juanka,2020-03-13,1zNtVjnGpytoqDeYN0A2uN,38,reggaeton
482,Ilegal,"Yandel, Omy de Oro",2020-07-31,3vMoVTnkX7hosHDPZxKPfD,31,reggaeton
483,Adictiva,Juhn,2020-03-26,0Za6jpbIlmUSk28L91lTDb,30,reggaeton
484,Billetes Azules (with J Balvin),"KEVVO, J Balvin",2020-10-16,7HmnJHfs0BkFzX4x8j0hkl,34,reggaeton
485,Dispo,"Brytiago, JHAYCO",2020-02-27,4CsCOUmdEG1CD5vgfBq2hv,30,reggaeton
486,Tus Besos,Juanka,2020-03-13,1sHs87yRloQy0vE9mzpiZB,43,reggaeton
487,Me Olvidé,Sech,2020-05-21,1mfMlthHXTmgbQd2MtF1tA,35,reggaeton
488,Te Falle - Remix,"Brytiago, Dalex, Lenny Tavárez",2020-05-01,0WfoXzTTleO9bHtuQIn5EY,37,reggaeton
489,PAPÁS,Mau y Ricky,2020-08-06,2pI0OyprOJssVYlqx9ZO3t,40,reggaeton
490,To' Callao,Marvel Boy,2020-04-10,0v9SQNkf9Ni2oMJT8nwVpk,34,reggaeton
491,A Fuego,FARIANA,2020-07-24,2OBDbcbEoulxcvV7VIJVLu,40,reggaeton
492,PORFA - Remix,"Feid, J Balvin, Maluma, Nicky Jam, Sech, Justin Quiles",2020-09-11,0O6y19p9Mj6hcwD5cOQaMI,40,reggaeton
493,A Dónde Van,"Sebastian Yatra, Alvaro Diaz",2020-08-21,6uo9cHjtDSQcfKNaUYHAWZ,37,reggaeton
494,Trapera,"Jon Z, Juhn El All Star, Jenay",2020-07-10,77FeFgVAJ6lTAFYk9P7lYK,27,reggaeton
495,Dándote,"Cazzu, Chita, Lara91k",2020-12-17,4qjxEKW5hIOhsZ3O584W63,42,reggaeton
496,El Tiempo Pasa,"Farruko, Sharo Towers, Andy Clay, Alex A.C",2020-04-03,0yNEQE6MbFGVgah2XFlaQF,40,reggaeton
497,Poco - Versión Pop,"Reik, Christian Nodal",2020-11-24,4DAWpeE7iV2vJ6dL4SVPCo,42,reggaeton
498,Normal,"Arcángel, JHAYCO, Darell",2020-10-16,7B7NxUQL8uX7l8WRzmcUFB,31,reggaeton
499,Esa Nota,"Jay Wheeler, DJ Nelson, Dalex",2020-06-12,6lq4xnerNWXUQkl7Pd9iXW,35,reggaeton
