Sexo;Caracter�sticas socioecon�micas;Tipo de uso de TIC;Total
Ambos sexos;Total Personas;Total Personas;36663412
Ambos sexos;Total Personas;Personas que han utilizado el tel�fono m�vil;99,1
Ambos sexos;Total Personas;Personas que han utilizado Internet en los �ltimos 3 meses;95,8
Ambos sexos;Total Personas;Personas que han utilizado Internet al menos una vez por semana en los �ltimos 3 meses;95
Ambos sexos;Total Personas;Personas que han utilizado Internet diariamente (al menos 5 d�as a la semana);91,5
Ambos sexos;Total Personas;Personas que han comprado a trav�s de Internet en los �ltimos 3 meses;56,7
Ambos sexos;Estudios terminados: Menos que primaria;Total Personas;656172
Ambos sexos;Estudios terminados: Menos que primaria;Personas que han utilizado el tel�fono m�vil;91,1
Ambos sexos;Estudios terminados: Menos que primaria;Personas que han utilizado Internet en los �ltimos 3 meses;61,9
Ambos sexos;Estudios terminados: Menos que primaria;Personas que han utilizado Internet al menos una vez por semana en los �ltimos 3 meses;59,8
Ambos sexos;Estudios terminados: Menos que primaria;Personas que han utilizado Internet diariamente (al menos 5 d�as a la semana);52,6
Ambos sexos;Estudios terminados: Menos que primaria;Personas que han comprado a trav�s de Internet en los �ltimos 3 meses;14,6
Ambos sexos;Estudios terminados: Educaci�n Primaria;Total Personas;2114733
Ambos sexos;Estudios terminados: Educaci�n Primaria;Personas que han utilizado el tel�fono m�vil;96
Ambos sexos;Estudios terminados: Educaci�n Primaria;Personas que han utilizado Internet en los �ltimos 3 meses;82,4
Ambos sexos;Estudios terminados: Educaci�n Primaria;Personas que han utilizado Internet al menos una vez por semana en los �ltimos 3 meses;80,9
Ambos sexos;Estudios terminados: Educaci�n Primaria;Personas que han utilizado Internet diariamente (al menos 5 d�as a la semana);72,4
Ambos sexos;Estudios terminados: Educaci�n Primaria;Personas que han comprado a trav�s de Internet en los �ltimos 3 meses;17
Ambos sexos;Estudios terminados: Primera etapa de Educaci�n Secundaria;Total Personas;9214795
Ambos sexos;Estudios terminados: Primera etapa de Educaci�n Secundaria;Personas que han utilizado el tel�fono m�vil;98,8
Ambos sexos;Estudios terminados: Primera etapa de Educaci�n Secundaria;Personas que han utilizado Internet en los �ltimos 3 meses;93
Ambos sexos;Estudios terminados: Primera etapa de Educaci�n Secundaria;Personas que han utilizado Internet al menos una vez por semana en los �ltimos 3 meses;91,2
Ambos sexos;Estudios terminados: Primera etapa de Educaci�n Secundaria;Personas que han utilizado Internet diariamente (al menos 5 d�as a la semana);86
Ambos sexos;Estudios terminados: Primera etapa de Educaci�n Secundaria;Personas que han comprado a trav�s de Internet en los �ltimos 3 meses;39,6
Ambos sexos;Estudios terminados: Segunda etapa de Educaci�n Secundaria;Total Personas;9250477
Ambos sexos;Estudios terminados: Segunda etapa de Educaci�n Secundaria;Personas que han utilizado el tel�fono m�vil;99,7
Ambos sexos;Estudios terminados: Segunda etapa de Educaci�n Secundaria;Personas que han utilizado Internet en los �ltimos 3 meses;98,2
Ambos sexos;Estudios terminados: Segunda etapa de Educaci�n Secundaria;Personas que han utilizado Internet al menos una vez por semana en los �ltimos 3 meses;97,5
Ambos sexos;Estudios terminados: Segunda etapa de Educaci�n Secundaria;Personas que han utilizado Internet diariamente (al menos 5 d�as a la semana);94,6
Ambos sexos;Estudios terminados: Segunda etapa de Educaci�n Secundaria;Personas que han comprado a trav�s de Internet en los �ltimos 3 meses;59,9
Ambos sexos;Estudios terminados: Formaci�n Profesional de Grado Superior;Total Personas;4804238
Ambos sexos;Estudios terminados: Formaci�n Profesional de Grado Superior;Personas que han utilizado el tel�fono m�vil;99,9
Ambos sexos;Estudios terminados: Formaci�n Profesional de Grado Superior;Personas que han utilizado Internet en los �ltimos 3 meses;99,4
Ambos sexos;Estudios terminados: Formaci�n Profesional de Grado Superior;Personas que han utilizado Internet al menos una vez por semana en los �ltimos 3 meses;99,2
Ambos sexos;Estudios terminados: Formaci�n Profesional de Grado Superior;Personas que han utilizado Internet diariamente (al menos 5 d�as a la semana);96,9
Ambos sexos;Estudios terminados: Formaci�n Profesional de Grado Superior;Personas que han comprado a trav�s de Internet en los �ltimos 3 meses;68
Ambos sexos;Estudios terminados: Diplomatura universitaria y equivalentes;Total Personas;4184973
Ambos sexos;Estudios terminados: Diplomatura universitaria y equivalentes;Personas que han utilizado el tel�fono m�vil;99,7
Ambos sexos;Estudios terminados: Diplomatura universitaria y equivalentes;Personas que han utilizado Internet en los �ltimos 3 meses;99
Ambos sexos;Estudios terminados: Diplomatura universitaria y equivalentes;Personas que han utilizado Internet al menos una vez por semana en los �ltimos 3 meses;98,9
Ambos sexos;Estudios terminados: Diplomatura universitaria y equivalentes;Personas que han utilizado Internet diariamente (al menos 5 d�as a la semana);97,4
Ambos sexos;Estudios terminados: Diplomatura universitaria y equivalentes;Personas que han comprado a trav�s de Internet en los �ltimos 3 meses;70,8
Ambos sexos;Estudios terminados: Licenciatura universitaria, m�ster y equivalentes;Total Personas;6047165
Ambos sexos;Estudios terminados: Licenciatura universitaria, m�ster y equivalentes;Personas que han utilizado el tel�fono m�vil;99,8
Ambos sexos;Estudios terminados: Licenciatura universitaria, m�ster y equivalentes;Personas que han utilizado Internet en los �ltimos 3 meses;99,3
Ambos sexos;Estudios terminados: Licenciatura universitaria, m�ster y equivalentes;Personas que han utilizado Internet al menos una vez por semana en los �ltimos 3 meses;99,2
Ambos sexos;Estudios terminados: Licenciatura universitaria, m�ster y equivalentes;Personas que han utilizado Internet diariamente (al menos 5 d�as a la semana);97,5
Ambos sexos;Estudios terminados: Licenciatura universitaria, m�ster y equivalentes;Personas que han comprado a trav�s de Internet en los �ltimos 3 meses;75,7
Ambos sexos;Estudios terminados: Doctorado universitario;Total Personas;390858
Ambos sexos;Estudios terminados: Doctorado universitario;Personas que han utilizado el tel�fono m�vil;98,3
Ambos sexos;Estudios terminados: Doctorado universitario;Personas que han utilizado Internet en los �ltimos 3 meses;97,7
Ambos sexos;Estudios terminados: Doctorado universitario;Personas que han utilizado Internet al menos una vez por semana en los �ltimos 3 meses;97,7
Ambos sexos;Estudios terminados: Doctorado universitario;Personas que han utilizado Internet diariamente (al menos 5 d�as a la semana);96,7
Ambos sexos;Estudios terminados: Doctorado universitario;Personas que han comprado a trav�s de Internet en los �ltimos 3 meses;84
Ambos sexos;Estudios terminados: Otros;Total Personas;..
Ambos sexos;Estudios terminados: Otros;Personas que han utilizado el tel�fono m�vil;..
Ambos sexos;Estudios terminados: Otros;Personas que han utilizado Internet en los �ltimos 3 meses;..
Ambos sexos;Estudios terminados: Otros;Personas que han utilizado Internet al menos una vez por semana en los �ltimos 3 meses;..
Ambos sexos;Estudios terminados: Otros;Personas que han utilizado Internet diariamente (al menos 5 d�as a la semana);..
Ambos sexos;Estudios terminados: Otros;Personas que han comprado a trav�s de Internet en los �ltimos 3 meses;..
Ambos sexos;Situaci�n laboral: Activos ocupados;Total Personas;21257763
Ambos sexos;Situaci�n laboral: Activos ocupados;Personas que han utilizado el tel�fono m�vil;99,8
Ambos sexos;Situaci�n laboral: Activos ocupados;Personas que han utilizado Internet en los �ltimos 3 meses;98,7
Ambos sexos;Situaci�n laboral: Activos ocupados;Personas que han utilizado Internet al menos una vez por semana en los �ltimos 3 meses;98,2
Ambos sexos;Situaci�n laboral: Activos ocupados;Personas que han utilizado Internet diariamente (al menos 5 d�as a la semana);96,2
Ambos sexos;Situaci�n laboral: Activos ocupados;Personas que han comprado a trav�s de Internet en los �ltimos 3 meses;66,6
Ambos sexos;Situaci�n laboral: Activos parados;Total Personas;3583656
Ambos sexos;Situaci�n laboral: Activos parados;Personas que han utilizado el tel�fono m�vil;99
Ambos sexos;Situaci�n laboral: Activos parados;Personas que han utilizado Internet en los �ltimos 3 meses;96,5
Ambos sexos;Situaci�n laboral: Activos parados;Personas que han utilizado Internet al menos una vez por semana en los �ltimos 3 meses;95,6
Ambos sexos;Situaci�n laboral: Activos parados;Personas que han utilizado Internet diariamente (al menos 5 d�as a la semana);91,2
Ambos sexos;Situaci�n laboral: Activos parados;Personas que han comprado a trav�s de Internet en los �ltimos 3 meses;49
Ambos sexos;Situaci�n laboral: Inactivos: Estudiantes;Total Personas;3633159
Ambos sexos;Situaci�n laboral: Inactivos: Estudiantes;Personas que han utilizado el tel�fono m�vil;99,8
Ambos sexos;Situaci�n laboral: Inactivos: Estudiantes;Personas que han utilizado Internet en los �ltimos 3 meses;99,9
Ambos sexos;Situaci�n laboral: Inactivos: Estudiantes;Personas que han utilizado Internet al menos una vez por semana en los �ltimos 3 meses;99,9
Ambos sexos;Situaci�n laboral: Inactivos: Estudiantes;Personas que han utilizado Internet diariamente (al menos 5 d�as a la semana);99,9
Ambos sexos;Situaci�n laboral: Inactivos: Estudiantes;Personas que han comprado a trav�s de Internet en los �ltimos 3 meses;59,9
Ambos sexos;Situaci�n laboral: Inactivos: Labores del hogar;Total Personas;1719702
Ambos sexos;Situaci�n laboral: Inactivos: Labores del hogar;Personas que han utilizado el tel�fono m�vil;98,6
Ambos sexos;Situaci�n laboral: Inactivos: Labores del hogar;Personas que han utilizado Internet en los �ltimos 3 meses;93,4
Ambos sexos;Situaci�n laboral: Inactivos: Labores del hogar;Personas que han utilizado Internet al menos una vez por semana en los �ltimos 3 meses;92,7
Ambos sexos;Situaci�n laboral: Inactivos: Labores del hogar;Personas que han utilizado Internet diariamente (al menos 5 d�as a la semana);85,2
Ambos sexos;Situaci�n laboral: Inactivos: Labores del hogar;Personas que han comprado a trav�s de Internet en los �ltimos 3 meses;34,1
Ambos sexos;Situaci�n laboral: Inactivos: Pensionistas;Total Personas;5349786
Ambos sexos;Situaci�n laboral: Inactivos: Pensionistas;Personas que han utilizado el tel�fono m�vil;96,6
Ambos sexos;Situaci�n laboral: Inactivos: Pensionistas;Personas que han utilizado Internet en los �ltimos 3 meses;82,6
Ambos sexos;Situaci�n laboral: Inactivos: Pensionistas;Personas que han utilizado Internet al menos una vez por semana en los �ltimos 3 meses;80,1
Ambos sexos;Situaci�n laboral: Inactivos: Pensionistas;Personas que han utilizado Internet diariamente (al menos 5 d�as a la semana);71,5
Ambos sexos;Situaci�n laboral: Inactivos: Pensionistas;Personas que han comprado a trav�s de Internet en los �ltimos 3 meses;30,2
Ambos sexos;Situaci�n laboral: Otra situaci�n laboral;Total Personas;1119346
Ambos sexos;Situaci�n laboral: Otra situaci�n laboral;Personas que han utilizado el tel�fono m�vil;96,8
Ambos sexos;Situaci�n laboral: Otra situaci�n laboral;Personas que han utilizado Internet en los �ltimos 3 meses;90,9
Ambos sexos;Situaci�n laboral: Otra situaci�n laboral;Personas que han utilizado Internet al menos una vez por semana en los �ltimos 3 meses;89,8
Ambos sexos;Situaci�n laboral: Otra situaci�n laboral;Personas que han utilizado Internet diariamente (al menos 5 d�as a la semana);82,6
Ambos sexos;Situaci�n laboral: Otra situaci�n laboral;Personas que han comprado a trav�s de Internet en los �ltimos 3 meses;43,5
Ambos sexos;Situaci�n Profesional (en trabajo principal): Trabajador por cuenta ajena con contrato indefinido;Total Personas;15220132
Ambos sexos;Situaci�n Profesional (en trabajo principal): Trabajador por cuenta ajena con contrato indefinido;Personas que han utilizado el tel�fono m�vil;99,8
Ambos sexos;Situaci�n Profesional (en trabajo principal): Trabajador por cuenta ajena con contrato indefinido;Personas que han utilizado Internet en los �ltimos 3 meses;99
Ambos sexos;Situaci�n Profesional (en trabajo principal): Trabajador por cuenta ajena con contrato indefinido;Personas que han utilizado Internet al menos una vez por semana en los �ltimos 3 meses;98,5
Ambos sexos;Situaci�n Profesional (en trabajo principal): Trabajador por cuenta ajena con contrato indefinido;Personas que han utilizado Internet diariamente (al menos 5 d�as a la semana);96,7
Ambos sexos;Situaci�n Profesional (en trabajo principal): Trabajador por cuenta ajena con contrato indefinido;Personas que han comprado a trav�s de Internet en los �ltimos 3 meses;67,9
Ambos sexos;Situaci�n Profesional (en trabajo principal): Trabajador por cuenta ajena con contrato temporal;Total Personas;2496180
Ambos sexos;Situaci�n Profesional (en trabajo principal): Trabajador por cuenta ajena con contrato temporal;Personas que han utilizado el tel�fono m�vil;99,8
Ambos sexos;Situaci�n Profesional (en trabajo principal): Trabajador por cuenta ajena con contrato temporal;Personas que han utilizado Internet en los �ltimos 3 meses;97,8
Ambos sexos;Situaci�n Profesional (en trabajo principal): Trabajador por cuenta ajena con contrato temporal;Personas que han utilizado Internet al menos una vez por semana en los �ltimos 3 meses;97,7
Ambos sexos;Situaci�n Profesional (en trabajo principal): Trabajador por cuenta ajena con contrato temporal;Personas que han utilizado Internet diariamente (al menos 5 d�as a la semana);96
Ambos sexos;Situaci�n Profesional (en trabajo principal): Trabajador por cuenta ajena con contrato temporal;Personas que han comprado a trav�s de Internet en los �ltimos 3 meses;63,7
Ambos sexos;Situaci�n Profesional (en trabajo principal): Trabajador por cuenta propia  con empleados;Total Personas;1356466
Ambos sexos;Situaci�n Profesional (en trabajo principal): Trabajador por cuenta propia  con empleados;Personas que han utilizado el tel�fono m�vil;99,8
Ambos sexos;Situaci�n Profesional (en trabajo principal): Trabajador por cuenta propia  con empleados;Personas que han utilizado Internet en los �ltimos 3 meses;98,1
Ambos sexos;Situaci�n Profesional (en trabajo principal): Trabajador por cuenta propia  con empleados;Personas que han utilizado Internet al menos una vez por semana en los �ltimos 3 meses;97,6
Ambos sexos;Situaci�n Profesional (en trabajo principal): Trabajador por cuenta propia  con empleados;Personas que han utilizado Internet diariamente (al menos 5 d�as a la semana);92,3
Ambos sexos;Situaci�n Profesional (en trabajo principal): Trabajador por cuenta propia  con empleados;Personas que han comprado a trav�s de Internet en los �ltimos 3 meses;66,2
Ambos sexos;Situaci�n Profesional (en trabajo principal): Trabajador por cuenta propia sin empleados;Total Personas;1967995
Ambos sexos;Situaci�n Profesional (en trabajo principal): Trabajador por cuenta propia sin empleados;Personas que han utilizado el tel�fono m�vil;99,9
Ambos sexos;Situaci�n Profesional (en trabajo principal): Trabajador por cuenta propia sin empleados;Personas que han utilizado Internet en los �ltimos 3 meses;97,8
Ambos sexos;Situaci�n Profesional (en trabajo principal): Trabajador por cuenta propia sin empleados;Personas que han utilizado Internet al menos una vez por semana en los �ltimos 3 meses;97,1
Ambos sexos;Situaci�n Profesional (en trabajo principal): Trabajador por cuenta propia sin empleados;Personas que han utilizado Internet diariamente (al menos 5 d�as a la semana);94,5
Ambos sexos;Situaci�n Profesional (en trabajo principal): Trabajador por cuenta propia sin empleados;Personas que han comprado a trav�s de Internet en los �ltimos 3 meses;62,3
Ambos sexos;Situaci�n Profesional (en trabajo principal):  Ayuda familiar (sin sueldo estipulado);Total Personas;216990
Ambos sexos;Situaci�n Profesional (en trabajo principal):  Ayuda familiar (sin sueldo estipulado);Personas que han utilizado el tel�fono m�vil;100
Ambos sexos;Situaci�n Profesional (en trabajo principal):  Ayuda familiar (sin sueldo estipulado);Personas que han utilizado Internet en los �ltimos 3 meses;98,7
Ambos sexos;Situaci�n Profesional (en trabajo principal):  Ayuda familiar (sin sueldo estipulado);Personas que han utilizado Internet al menos una vez por semana en los �ltimos 3 meses;98,7
Ambos sexos;Situaci�n Profesional (en trabajo principal):  Ayuda familiar (sin sueldo estipulado);Personas que han utilizado Internet diariamente (al menos 5 d�as a la semana);98
Ambos sexos;Situaci�n Profesional (en trabajo principal):  Ayuda familiar (sin sueldo estipulado);Personas que han comprado a trav�s de Internet en los �ltimos 3 meses;49,9
Ambos sexos;Jornada laboral (en trabajo principal) : A tiempo completo;Total Personas;17729555
Ambos sexos;Jornada laboral (en trabajo principal) : A tiempo completo;Personas que han utilizado el tel�fono m�vil;99,9
Ambos sexos;Jornada laboral (en trabajo principal) : A tiempo completo;Personas que han utilizado Internet en los �ltimos 3 meses;98,8
Ambos sexos;Jornada laboral (en trabajo principal) : A tiempo completo;Personas que han utilizado Internet al menos una vez por semana en los �ltimos 3 meses;98,3
Ambos sexos;Jornada laboral (en trabajo principal) : A tiempo completo;Personas que han utilizado Internet diariamente (al menos 5 d�as a la semana);96,2
Ambos sexos;Jornada laboral (en trabajo principal) : A tiempo completo;Personas que han comprado a trav�s de Internet en los �ltimos 3 meses;66,4
Ambos sexos;Jornada laboral (en trabajo principal) : A tiempo parcial;Total Personas;3528209
Ambos sexos;Jornada laboral (en trabajo principal) : A tiempo parcial;Personas que han utilizado el tel�fono m�vil;99,8
Ambos sexos;Jornada laboral (en trabajo principal) : A tiempo parcial;Personas que han utilizado Internet en los �ltimos 3 meses;98,2
Ambos sexos;Jornada laboral (en trabajo principal) : A tiempo parcial;Personas que han utilizado Internet al menos una vez por semana en los �ltimos 3 meses;97,7
Ambos sexos;Jornada laboral (en trabajo principal) : A tiempo parcial;Personas que han utilizado Internet diariamente (al menos 5 d�as a la semana);96,1
Ambos sexos;Jornada laboral (en trabajo principal) : A tiempo parcial;Personas que han comprado a trav�s de Internet en los �ltimos 3 meses;67,6
Ambos sexos;Ocupaci�n principal: Manual;Total Personas;5699371
Ambos sexos;Ocupaci�n principal: Manual;Personas que han utilizado el tel�fono m�vil;99,6
Ambos sexos;Ocupaci�n principal: Manual;Personas que han utilizado Internet en los �ltimos 3 meses;96,7
Ambos sexos;Ocupaci�n principal: Manual;Personas que han utilizado Internet al menos una vez por semana en los �ltimos 3 meses;96,1
Ambos sexos;Ocupaci�n principal: Manual;Personas que han utilizado Internet diariamente (al menos 5 d�as a la semana);92,6
Ambos sexos;Ocupaci�n principal: Manual;Personas que han comprado a trav�s de Internet en los �ltimos 3 meses;48,9
Ambos sexos;Ocupaci�n principal: No Manual;Total Personas;15558392
Ambos sexos;Ocupaci�n principal: No Manual;Personas que han utilizado el tel�fono m�vil;99,9
Ambos sexos;Ocupaci�n principal: No Manual;Personas que han utilizado Internet en los �ltimos 3 meses;99,4
Ambos sexos;Ocupaci�n principal: No Manual;Personas que han utilizado Internet al menos una vez por semana en los �ltimos 3 meses;99
Ambos sexos;Ocupaci�n principal: No Manual;Personas que han utilizado Internet diariamente (al menos 5 d�as a la semana);97,5
Ambos sexos;Ocupaci�n principal: No Manual;Personas que han comprado a trav�s de Internet en los �ltimos 3 meses;73,1
Ambos sexos;Ocupaci�n principal: Trabajadores TIC;Total Personas;1142740
Ambos sexos;Ocupaci�n principal: Trabajadores TIC;Personas que han utilizado el tel�fono m�vil;99,4
Ambos sexos;Ocupaci�n principal: Trabajadores TIC;Personas que han utilizado Internet en los �ltimos 3 meses;98,8
Ambos sexos;Ocupaci�n principal: Trabajadores TIC;Personas que han utilizado Internet al menos una vez por semana en los �ltimos 3 meses;98,8
Ambos sexos;Ocupaci�n principal: Trabajadores TIC;Personas que han utilizado Internet diariamente (al menos 5 d�as a la semana);98,4
Ambos sexos;Ocupaci�n principal: Trabajadores TIC;Personas que han comprado a trav�s de Internet en los �ltimos 3 meses;82,2
Ambos sexos;Ocupaci�n principal: Otros trabajadores;Total Personas;20115023
Ambos sexos;Ocupaci�n principal: Otros trabajadores;Personas que han utilizado el tel�fono m�vil;99,9
Ambos sexos;Ocupaci�n principal: Otros trabajadores;Personas que han utilizado Internet en los �ltimos 3 meses;98,7
Ambos sexos;Ocupaci�n principal: Otros trabajadores;Personas que han utilizado Internet al menos una vez por semana en los �ltimos 3 meses;98,2
Ambos sexos;Ocupaci�n principal: Otros trabajadores;Personas que han utilizado Internet diariamente (al menos 5 d�as a la semana);96
Ambos sexos;Ocupaci�n principal: Otros trabajadores;Personas que han comprado a trav�s de Internet en los �ltimos 3 meses;65,7
Ambos sexos;Ingresos mensuales netos del hogar: Menos de 1.200 euros;Total Personas;4110883
Ambos sexos;Ingresos mensuales netos del hogar: Menos de 1.200 euros;Personas que han utilizado el tel�fono m�vil;98,4
Ambos sexos;Ingresos mensuales netos del hogar: Menos de 1.200 euros;Personas que han utilizado Internet en los �ltimos 3 meses;91,8
Ambos sexos;Ingresos mensuales netos del hogar: Menos de 1.200 euros;Personas que han utilizado Internet al menos una vez por semana en los �ltimos 3 meses;90,5
Ambos sexos;Ingresos mensuales netos del hogar: Menos de 1.200 euros;Personas que han utilizado Internet diariamente (al menos 5 d�as a la semana);86,3
Ambos sexos;Ingresos mensuales netos del hogar: Menos de 1.200 euros;Personas que han comprado a trav�s de Internet en los �ltimos 3 meses;44,6
Ambos sexos;Ingresos mensuales netos del hogar: De 1.200 a menos de 1.900 euros;Total Personas;4703797
Ambos sexos;Ingresos mensuales netos del hogar: De 1.200 a menos de 1.900 euros;Personas que han utilizado el tel�fono m�vil;98,7
Ambos sexos;Ingresos mensuales netos del hogar: De 1.200 a menos de 1.900 euros;Personas que han utilizado Internet en los �ltimos 3 meses;93,7
Ambos sexos;Ingresos mensuales netos del hogar: De 1.200 a menos de 1.900 euros;Personas que han utilizado Internet al menos una vez por semana en los �ltimos 3 meses;92,9
Ambos sexos;Ingresos mensuales netos del hogar: De 1.200 a menos de 1.900 euros;Personas que han utilizado Internet diariamente (al menos 5 d�as a la semana);87,5
Ambos sexos;Ingresos mensuales netos del hogar: De 1.200 a menos de 1.900 euros;Personas que han comprado a trav�s de Internet en los �ltimos 3 meses;48,3
Ambos sexos;Ingresos mensuales netos del hogar: De 1.900 a menos de 2.700 euros;Total Personas;6214136
Ambos sexos;Ingresos mensuales netos del hogar: De 1.900 a menos de 2.700 euros;Personas que han utilizado el tel�fono m�vil;99,1
Ambos sexos;Ingresos mensuales netos del hogar: De 1.900 a menos de 2.700 euros;Personas que han utilizado Internet en los �ltimos 3 meses;94,1
Ambos sexos;Ingresos mensuales netos del hogar: De 1.900 a menos de 2.700 euros;Personas que han utilizado Internet al menos una vez por semana en los �ltimos 3 meses;93,3
Ambos sexos;Ingresos mensuales netos del hogar: De 1.900 a menos de 2.700 euros;Personas que han utilizado Internet diariamente (al menos 5 d�as a la semana);89
Ambos sexos;Ingresos mensuales netos del hogar: De 1.900 a menos de 2.700 euros;Personas que han comprado a trav�s de Internet en los �ltimos 3 meses;49,9
Ambos sexos;Ingresos mensuales netos del hogar: De 2.700 a menos de 3.900 euros;Total Personas;8752560
Ambos sexos;Ingresos mensuales netos del hogar: De 2.700 a menos de 3.900 euros;Personas que han utilizado el tel�fono m�vil;99,1
Ambos sexos;Ingresos mensuales netos del hogar: De 2.700 a menos de 3.900 euros;Personas que han utilizado Internet en los �ltimos 3 meses;96,4
Ambos sexos;Ingresos mensuales netos del hogar: De 2.700 a menos de 3.900 euros;Personas que han utilizado Internet al menos una vez por semana en los �ltimos 3 meses;95,5
Ambos sexos;Ingresos mensuales netos del hogar: De 2.700 a menos de 3.900 euros;Personas que han utilizado Internet diariamente (al menos 5 d�as a la semana);92,4
Ambos sexos;Ingresos mensuales netos del hogar: De 2.700 a menos de 3.900 euros;Personas que han comprado a trav�s de Internet en los �ltimos 3 meses;56,1
Ambos sexos;Ingresos mensuales netos del hogar: 3.900 o m�s euros;Total Personas;12702581
Ambos sexos;Ingresos mensuales netos del hogar: 3.900 o m�s euros;Personas que han utilizado el tel�fono m�vil;99,6
Ambos sexos;Ingresos mensuales netos del hogar: 3.900 o m�s euros;Personas que han utilizado Internet en los �ltimos 3 meses;98,2
Ambos sexos;Ingresos mensuales netos del hogar: 3.900 o m�s euros;Personas que han utilizado Internet al menos una vez por semana en los �ltimos 3 meses;97,7
Ambos sexos;Ingresos mensuales netos del hogar: 3.900 o m�s euros;Personas que han utilizado Internet diariamente (al menos 5 d�as a la semana);95,5
Ambos sexos;Ingresos mensuales netos del hogar: 3.900 o m�s euros;Personas que han comprado a trav�s de Internet en los �ltimos 3 meses;67,7
Ambos sexos;Ingresos mensuales netos del hogar: NS/NR;Total Personas;179455
Ambos sexos;Ingresos mensuales netos del hogar: NS/NR;Personas que han utilizado el tel�fono m�vil;100
Ambos sexos;Ingresos mensuales netos del hogar: NS/NR;Personas que han utilizado Internet en los �ltimos 3 meses;90,5
Ambos sexos;Ingresos mensuales netos del hogar: NS/NR;Personas que han utilizado Internet al menos una vez por semana en los �ltimos 3 meses;89,2
Ambos sexos;Ingresos mensuales netos del hogar: NS/NR;Personas que han utilizado Internet diariamente (al menos 5 d�as a la semana);83,6
Ambos sexos;Ingresos mensuales netos del hogar: NS/NR;Personas que han comprado a trav�s de Internet en los �ltimos 3 meses;31,4
Sexo: Hombre;Total Personas;Total Personas;18217793
Sexo: Hombre;Total Personas;Personas que han utilizado el tel�fono m�vil;99,2
Sexo: Hombre;Total Personas;Personas que han utilizado Internet en los �ltimos 3 meses;95,4
Sexo: Hombre;Total Personas;Personas que han utilizado Internet al menos una vez por semana en los �ltimos 3 meses;94,6
Sexo: Hombre;Total Personas;Personas que han utilizado Internet diariamente (al menos 5 d�as a la semana);91,4
Sexo: Hombre;Total Personas;Personas que han comprado a trav�s de Internet en los �ltimos 3 meses;55,5
Sexo: Hombre;Estudios terminados: Menos que primaria;Total Personas;294245
Sexo: Hombre;Estudios terminados: Menos que primaria;Personas que han utilizado el tel�fono m�vil;93,8
Sexo: Hombre;Estudios terminados: Menos que primaria;Personas que han utilizado Internet en los �ltimos 3 meses;52,7
Sexo: Hombre;Estudios terminados: Menos que primaria;Personas que han utilizado Internet al menos una vez por semana en los �ltimos 3 meses;49,2
Sexo: Hombre;Estudios terminados: Menos que primaria;Personas que han utilizado Internet diariamente (al menos 5 d�as a la semana);45,6
Sexo: Hombre;Estudios terminados: Menos que primaria;Personas que han comprado a trav�s de Internet en los �ltimos 3 meses;14,9
Sexo: Hombre;Estudios terminados: Educaci�n Primaria;Total Personas;1077141
Sexo: Hombre;Estudios terminados: Educaci�n Primaria;Personas que han utilizado el tel�fono m�vil;96,7
Sexo: Hombre;Estudios terminados: Educaci�n Primaria;Personas que han utilizado Internet en los �ltimos 3 meses;84,2
Sexo: Hombre;Estudios terminados: Educaci�n Primaria;Personas que han utilizado Internet al menos una vez por semana en los �ltimos 3 meses;83
Sexo: Hombre;Estudios terminados: Educaci�n Primaria;Personas que han utilizado Internet diariamente (al menos 5 d�as a la semana);75,7
Sexo: Hombre;Estudios terminados: Educaci�n Primaria;Personas que han comprado a trav�s de Internet en los �ltimos 3 meses;21,5
Sexo: Hombre;Estudios terminados: Primera etapa de Educaci�n Secundaria;Total Personas;4886709
Sexo: Hombre;Estudios terminados: Primera etapa de Educaci�n Secundaria;Personas que han utilizado el tel�fono m�vil;98,8
Sexo: Hombre;Estudios terminados: Primera etapa de Educaci�n Secundaria;Personas que han utilizado Internet en los �ltimos 3 meses;92,2
Sexo: Hombre;Estudios terminados: Primera etapa de Educaci�n Secundaria;Personas que han utilizado Internet al menos una vez por semana en los �ltimos 3 meses;90,3
Sexo: Hombre;Estudios terminados: Primera etapa de Educaci�n Secundaria;Personas que han utilizado Internet diariamente (al menos 5 d�as a la semana);85,6
Sexo: Hombre;Estudios terminados: Primera etapa de Educaci�n Secundaria;Personas que han comprado a trav�s de Internet en los �ltimos 3 meses;39
Sexo: Hombre;Estudios terminados: Segunda etapa de Educaci�n Secundaria;Total Personas;4663810
Sexo: Hombre;Estudios terminados: Segunda etapa de Educaci�n Secundaria;Personas que han utilizado el tel�fono m�vil;99,5
Sexo: Hombre;Estudios terminados: Segunda etapa de Educaci�n Secundaria;Personas que han utilizado Internet en los �ltimos 3 meses;97,8
Sexo: Hombre;Estudios terminados: Segunda etapa de Educaci�n Secundaria;Personas que han utilizado Internet al menos una vez por semana en los �ltimos 3 meses;97,5
Sexo: Hombre;Estudios terminados: Segunda etapa de Educaci�n Secundaria;Personas que han utilizado Internet diariamente (al menos 5 d�as a la semana);95
Sexo: Hombre;Estudios terminados: Segunda etapa de Educaci�n Secundaria;Personas que han comprado a trav�s de Internet en los �ltimos 3 meses;59,3
Sexo: Hombre;Estudios terminados: Formaci�n Profesional de Grado Superior;Total Personas;2612590
Sexo: Hombre;Estudios terminados: Formaci�n Profesional de Grado Superior;Personas que han utilizado el tel�fono m�vil;99,9
Sexo: Hombre;Estudios terminados: Formaci�n Profesional de Grado Superior;Personas que han utilizado Internet en los �ltimos 3 meses;99,3
Sexo: Hombre;Estudios terminados: Formaci�n Profesional de Grado Superior;Personas que han utilizado Internet al menos una vez por semana en los �ltimos 3 meses;99
Sexo: Hombre;Estudios terminados: Formaci�n Profesional de Grado Superior;Personas que han utilizado Internet diariamente (al menos 5 d�as a la semana);97
Sexo: Hombre;Estudios terminados: Formaci�n Profesional de Grado Superior;Personas que han comprado a trav�s de Internet en los �ltimos 3 meses;68,5
Sexo: Hombre;Estudios terminados: Diplomatura universitaria y equivalentes;Total Personas;1785070
Sexo: Hombre;Estudios terminados: Diplomatura universitaria y equivalentes;Personas que han utilizado el tel�fono m�vil;99,5
Sexo: Hombre;Estudios terminados: Diplomatura universitaria y equivalentes;Personas que han utilizado Internet en los �ltimos 3 meses;98,9
Sexo: Hombre;Estudios terminados: Diplomatura universitaria y equivalentes;Personas que han utilizado Internet al menos una vez por semana en los �ltimos 3 meses;98,8
Sexo: Hombre;Estudios terminados: Diplomatura universitaria y equivalentes;Personas que han utilizado Internet diariamente (al menos 5 d�as a la semana);97,4
Sexo: Hombre;Estudios terminados: Diplomatura universitaria y equivalentes;Personas que han comprado a trav�s de Internet en los �ltimos 3 meses;71,3
Sexo: Hombre;Estudios terminados: Licenciatura universitaria, m�ster y equivalentes;Total Personas;2707668
Sexo: Hombre;Estudios terminados: Licenciatura universitaria, m�ster y equivalentes;Personas que han utilizado el tel�fono m�vil;99,9
Sexo: Hombre;Estudios terminados: Licenciatura universitaria, m�ster y equivalentes;Personas que han utilizado Internet en los �ltimos 3 meses;99,5
Sexo: Hombre;Estudios terminados: Licenciatura universitaria, m�ster y equivalentes;Personas que han utilizado Internet al menos una vez por semana en los �ltimos 3 meses;99,5
Sexo: Hombre;Estudios terminados: Licenciatura universitaria, m�ster y equivalentes;Personas que han utilizado Internet diariamente (al menos 5 d�as a la semana);97,2
Sexo: Hombre;Estudios terminados: Licenciatura universitaria, m�ster y equivalentes;Personas que han comprado a trav�s de Internet en los �ltimos 3 meses;71,8
Sexo: Hombre;Estudios terminados: Doctorado universitario;Total Personas;190560
Sexo: Hombre;Estudios terminados: Doctorado universitario;Personas que han utilizado el tel�fono m�vil;100
Sexo: Hombre;Estudios terminados: Doctorado universitario;Personas que han utilizado Internet en los �ltimos 3 meses;99,8
Sexo: Hombre;Estudios terminados: Doctorado universitario;Personas que han utilizado Internet al menos una vez por semana en los �ltimos 3 meses;99,8
Sexo: Hombre;Estudios terminados: Doctorado universitario;Personas que han utilizado Internet diariamente (al menos 5 d�as a la semana);99,5
Sexo: Hombre;Estudios terminados: Doctorado universitario;Personas que han comprado a trav�s de Internet en los �ltimos 3 meses;87,1
Sexo: Hombre;Estudios terminados: Otros;Total Personas;..
Sexo: Hombre;Estudios terminados: Otros;Personas que han utilizado el tel�fono m�vil;..
Sexo: Hombre;Estudios terminados: Otros;Personas que han utilizado Internet en los �ltimos 3 meses;..
Sexo: Hombre;Estudios terminados: Otros;Personas que han utilizado Internet al menos una vez por semana en los �ltimos 3 meses;..
Sexo: Hombre;Estudios terminados: Otros;Personas que han utilizado Internet diariamente (al menos 5 d�as a la semana);..
Sexo: Hombre;Estudios terminados: Otros;Personas que han comprado a trav�s de Internet en los �ltimos 3 meses;..
Sexo: Hombre;Situaci�n laboral: Activos ocupados;Total Personas;11387201
Sexo: Hombre;Situaci�n laboral: Activos ocupados;Personas que han utilizado el tel�fono m�vil;99,8
Sexo: Hombre;Situaci�n laboral: Activos ocupados;Personas que han utilizado Internet en los �ltimos 3 meses;98,2
Sexo: Hombre;Situaci�n laboral: Activos ocupados;Personas que han utilizado Internet al menos una vez por semana en los �ltimos 3 meses;97,8
Sexo: Hombre;Situaci�n laboral: Activos ocupados;Personas que han utilizado Internet diariamente (al menos 5 d�as a la semana);95,6
Sexo: Hombre;Situaci�n laboral: Activos ocupados;Personas que han comprado a trav�s de Internet en los �ltimos 3 meses;63,6
Sexo: Hombre;Situaci�n laboral: Activos parados;Total Personas;1607433
Sexo: Hombre;Situaci�n laboral: Activos parados;Personas que han utilizado el tel�fono m�vil;98,9
Sexo: Hombre;Situaci�n laboral: Activos parados;Personas que han utilizado Internet en los �ltimos 3 meses;95,3
Sexo: Hombre;Situaci�n laboral: Activos parados;Personas que han utilizado Internet al menos una vez por semana en los �ltimos 3 meses;93,8
Sexo: Hombre;Situaci�n laboral: Activos parados;Personas que han utilizado Internet diariamente (al menos 5 d�as a la semana);89,5
Sexo: Hombre;Situaci�n laboral: Activos parados;Personas que han comprado a trav�s de Internet en los �ltimos 3 meses;42,8
Sexo: Hombre;Situaci�n laboral: Inactivos: Estudiantes;Total Personas;1784997
Sexo: Hombre;Situaci�n laboral: Inactivos: Estudiantes;Personas que han utilizado el tel�fono m�vil;99,8
Sexo: Hombre;Situaci�n laboral: Inactivos: Estudiantes;Personas que han utilizado Internet en los �ltimos 3 meses;99,9
Sexo: Hombre;Situaci�n laboral: Inactivos: Estudiantes;Personas que han utilizado Internet al menos una vez por semana en los �ltimos 3 meses;99,9
Sexo: Hombre;Situaci�n laboral: Inactivos: Estudiantes;Personas que han utilizado Internet diariamente (al menos 5 d�as a la semana);99,9
Sexo: Hombre;Situaci�n laboral: Inactivos: Estudiantes;Personas que han comprado a trav�s de Internet en los �ltimos 3 meses;57,1
Sexo: Hombre;Situaci�n laboral: Inactivos: Labores del hogar;Total Personas;98013
Sexo: Hombre;Situaci�n laboral: Inactivos: Labores del hogar;Personas que han utilizado el tel�fono m�vil;98,1
Sexo: Hombre;Situaci�n laboral: Inactivos: Labores del hogar;Personas que han utilizado Internet en los �ltimos 3 meses;98,1
Sexo: Hombre;Situaci�n laboral: Inactivos: Labores del hogar;Personas que han utilizado Internet al menos una vez por semana en los �ltimos 3 meses;98,1
Sexo: Hombre;Situaci�n laboral: Inactivos: Labores del hogar;Personas que han utilizado Internet diariamente (al menos 5 d�as a la semana);94,1
Sexo: Hombre;Situaci�n laboral: Inactivos: Labores del hogar;Personas que han comprado a trav�s de Internet en los �ltimos 3 meses;27,6
Sexo: Hombre;Situaci�n laboral: Inactivos: Pensionistas;Total Personas;2832925
Sexo: Hombre;Situaci�n laboral: Inactivos: Pensionistas;Personas que han utilizado el tel�fono m�vil;96,9
Sexo: Hombre;Situaci�n laboral: Inactivos: Pensionistas;Personas que han utilizado Internet en los �ltimos 3 meses;82
Sexo: Hombre;Situaci�n laboral: Inactivos: Pensionistas;Personas que han utilizado Internet al menos una vez por semana en los �ltimos 3 meses;79,8
Sexo: Hombre;Situaci�n laboral: Inactivos: Pensionistas;Personas que han utilizado Internet diariamente (al menos 5 d�as a la semana);72,2
Sexo: Hombre;Situaci�n laboral: Inactivos: Pensionistas;Personas que han comprado a trav�s de Internet en los �ltimos 3 meses;33,8
Sexo: Hombre;Situaci�n laboral: Otra situaci�n laboral;Total Personas;507224
Sexo: Hombre;Situaci�n laboral: Otra situaci�n laboral;Personas que han utilizado el tel�fono m�vil;96
Sexo: Hombre;Situaci�n laboral: Otra situaci�n laboral;Personas que han utilizado Internet en los �ltimos 3 meses;89,5
Sexo: Hombre;Situaci�n laboral: Otra situaci�n laboral;Personas que han utilizado Internet al menos una vez por semana en los �ltimos 3 meses;88
Sexo: Hombre;Situaci�n laboral: Otra situaci�n laboral;Personas que han utilizado Internet diariamente (al menos 5 d�as a la semana);81,5
Sexo: Hombre;Situaci�n laboral: Otra situaci�n laboral;Personas que han comprado a trav�s de Internet en los �ltimos 3 meses;37
Sexo: Hombre;Situaci�n Profesional (en trabajo principal): Trabajador por cuenta ajena con contrato indefinido;Total Personas;8204121
Sexo: Hombre;Situaci�n Profesional (en trabajo principal): Trabajador por cuenta ajena con contrato indefinido;Personas que han utilizado el tel�fono m�vil;99,8
Sexo: Hombre;Situaci�n Profesional (en trabajo principal): Trabajador por cuenta ajena con contrato indefinido;Personas que han utilizado Internet en los �ltimos 3 meses;98,6
Sexo: Hombre;Situaci�n Profesional (en trabajo principal): Trabajador por cuenta ajena con contrato indefinido;Personas que han utilizado Internet al menos una vez por semana en los �ltimos 3 meses;98,3
Sexo: Hombre;Situaci�n Profesional (en trabajo principal): Trabajador por cuenta ajena con contrato indefinido;Personas que han utilizado Internet diariamente (al menos 5 d�as a la semana);96,6
Sexo: Hombre;Situaci�n Profesional (en trabajo principal): Trabajador por cuenta ajena con contrato indefinido;Personas que han comprado a trav�s de Internet en los �ltimos 3 meses;65,8
Sexo: Hombre;Situaci�n Profesional (en trabajo principal): Trabajador por cuenta ajena con contrato temporal;Total Personas;1042308
Sexo: Hombre;Situaci�n Profesional (en trabajo principal): Trabajador por cuenta ajena con contrato temporal;Personas que han utilizado el tel�fono m�vil;99,9
Sexo: Hombre;Situaci�n Profesional (en trabajo principal): Trabajador por cuenta ajena con contrato temporal;Personas que han utilizado Internet en los �ltimos 3 meses;96,7
Sexo: Hombre;Situaci�n Profesional (en trabajo principal): Trabajador por cuenta ajena con contrato temporal;Personas que han utilizado Internet al menos una vez por semana en los �ltimos 3 meses;96,7
Sexo: Hombre;Situaci�n Profesional (en trabajo principal): Trabajador por cuenta ajena con contrato temporal;Personas que han utilizado Internet diariamente (al menos 5 d�as a la semana);93,6
Sexo: Hombre;Situaci�n Profesional (en trabajo principal): Trabajador por cuenta ajena con contrato temporal;Personas que han comprado a trav�s de Internet en los �ltimos 3 meses;56,3
Sexo: Hombre;Situaci�n Profesional (en trabajo principal): Trabajador por cuenta propia  con empleados;Total Personas;850807
Sexo: Hombre;Situaci�n Profesional (en trabajo principal): Trabajador por cuenta propia  con empleados;Personas que han utilizado el tel�fono m�vil;99,9
Sexo: Hombre;Situaci�n Profesional (en trabajo principal): Trabajador por cuenta propia  con empleados;Personas que han utilizado Internet en los �ltimos 3 meses;97
Sexo: Hombre;Situaci�n Profesional (en trabajo principal): Trabajador por cuenta propia  con empleados;Personas que han utilizado Internet al menos una vez por semana en los �ltimos 3 meses;96,5
Sexo: Hombre;Situaci�n Profesional (en trabajo principal): Trabajador por cuenta propia  con empleados;Personas que han utilizado Internet diariamente (al menos 5 d�as a la semana);90,3
Sexo: Hombre;Situaci�n Profesional (en trabajo principal): Trabajador por cuenta propia  con empleados;Personas que han comprado a trav�s de Internet en los �ltimos 3 meses;59,6
Sexo: Hombre;Situaci�n Profesional (en trabajo principal): Trabajador por cuenta propia sin empleados;Total Personas;1212522
Sexo: Hombre;Situaci�n Profesional (en trabajo principal): Trabajador por cuenta propia sin empleados;Personas que han utilizado el tel�fono m�vil;99,9
Sexo: Hombre;Situaci�n Profesional (en trabajo principal): Trabajador por cuenta propia sin empleados;Personas que han utilizado Internet en los �ltimos 3 meses;97,4
Sexo: Hombre;Situaci�n Profesional (en trabajo principal): Trabajador por cuenta propia sin empleados;Personas que han utilizado Internet al menos una vez por semana en los �ltimos 3 meses;96,8
Sexo: Hombre;Situaci�n Profesional (en trabajo principal): Trabajador por cuenta propia sin empleados;Personas que han utilizado Internet diariamente (al menos 5 d�as a la semana);94,2
Sexo: Hombre;Situaci�n Profesional (en trabajo principal): Trabajador por cuenta propia sin empleados;Personas que han comprado a trav�s de Internet en los �ltimos 3 meses;60
Sexo: Hombre;Situaci�n Profesional (en trabajo principal):  Ayuda familiar (sin sueldo estipulado);Total Personas;77443
Sexo: Hombre;Situaci�n Profesional (en trabajo principal):  Ayuda familiar (sin sueldo estipulado);Personas que han utilizado el tel�fono m�vil;100
Sexo: Hombre;Situaci�n Profesional (en trabajo principal):  Ayuda familiar (sin sueldo estipulado);Personas que han utilizado Internet en los �ltimos 3 meses;100
Sexo: Hombre;Situaci�n Profesional (en trabajo principal):  Ayuda familiar (sin sueldo estipulado);Personas que han utilizado Internet al menos una vez por semana en los �ltimos 3 meses;100
Sexo: Hombre;Situaci�n Profesional (en trabajo principal):  Ayuda familiar (sin sueldo estipulado);Personas que han utilizado Internet diariamente (al menos 5 d�as a la semana);100
Sexo: Hombre;Situaci�n Profesional (en trabajo principal):  Ayuda familiar (sin sueldo estipulado);Personas que han comprado a trav�s de Internet en los �ltimos 3 meses;24,4
Sexo: Hombre;Jornada laboral (en trabajo principal) : A tiempo completo;Total Personas;10405041
Sexo: Hombre;Jornada laboral (en trabajo principal) : A tiempo completo;Personas que han utilizado el tel�fono m�vil;99,8
Sexo: Hombre;Jornada laboral (en trabajo principal) : A tiempo completo;Personas que han utilizado Internet en los �ltimos 3 meses;98,4
Sexo: Hombre;Jornada laboral (en trabajo principal) : A tiempo completo;Personas que han utilizado Internet al menos una vez por semana en los �ltimos 3 meses;98
Sexo: Hombre;Jornada laboral (en trabajo principal) : A tiempo completo;Personas que han utilizado Internet diariamente (al menos 5 d�as a la semana);95,6
Sexo: Hombre;Jornada laboral (en trabajo principal) : A tiempo completo;Personas que han comprado a trav�s de Internet en los �ltimos 3 meses;63,4
Sexo: Hombre;Jornada laboral (en trabajo principal) : A tiempo parcial;Total Personas;982159
Sexo: Hombre;Jornada laboral (en trabajo principal) : A tiempo parcial;Personas que han utilizado el tel�fono m�vil;100
Sexo: Hombre;Jornada laboral (en trabajo principal) : A tiempo parcial;Personas que han utilizado Internet en los �ltimos 3 meses;96,6
Sexo: Hombre;Jornada laboral (en trabajo principal) : A tiempo parcial;Personas que han utilizado Internet al menos una vez por semana en los �ltimos 3 meses;96,6
Sexo: Hombre;Jornada laboral (en trabajo principal) : A tiempo parcial;Personas que han utilizado Internet diariamente (al menos 5 d�as a la semana);95,4
Sexo: Hombre;Jornada laboral (en trabajo principal) : A tiempo parcial;Personas que han comprado a trav�s de Internet en los �ltimos 3 meses;65,3
Sexo: Hombre;Ocupaci�n principal: Manual;Total Personas;4394407
Sexo: Hombre;Ocupaci�n principal: Manual;Personas que han utilizado el tel�fono m�vil;99,6
Sexo: Hombre;Ocupaci�n principal: Manual;Personas que han utilizado Internet en los �ltimos 3 meses;96,5
Sexo: Hombre;Ocupaci�n principal: Manual;Personas que han utilizado Internet al menos una vez por semana en los �ltimos 3 meses;96
Sexo: Hombre;Ocupaci�n principal: Manual;Personas que han utilizado Internet diariamente (al menos 5 d�as a la semana);92,4
Sexo: Hombre;Ocupaci�n principal: Manual;Personas que han comprado a trav�s de Internet en los �ltimos 3 meses;49,4
Sexo: Hombre;Ocupaci�n principal: No Manual;Total Personas;6992793
Sexo: Hombre;Ocupaci�n principal: No Manual;Personas que han utilizado el tel�fono m�vil;100
Sexo: Hombre;Ocupaci�n principal: No Manual;Personas que han utilizado Internet en los �ltimos 3 meses;99,3
Sexo: Hombre;Ocupaci�n principal: No Manual;Personas que han utilizado Internet al menos una vez por semana en los �ltimos 3 meses;99
Sexo: Hombre;Ocupaci�n principal: No Manual;Personas que han utilizado Internet diariamente (al menos 5 d�as a la semana);97,6
Sexo: Hombre;Ocupaci�n principal: No Manual;Personas que han comprado a trav�s de Internet en los �ltimos 3 meses;72,5
Sexo: Hombre;Ocupaci�n principal: Trabajadores TIC;Total Personas;801549
Sexo: Hombre;Ocupaci�n principal: Trabajadores TIC;Personas que han utilizado el tel�fono m�vil;99,8
Sexo: Hombre;Ocupaci�n principal: Trabajadores TIC;Personas que han utilizado Internet en los �ltimos 3 meses;99,3
Sexo: Hombre;Ocupaci�n principal: Trabajadores TIC;Personas que han utilizado Internet al menos una vez por semana en los �ltimos 3 meses;99,3
Sexo: Hombre;Ocupaci�n principal: Trabajadores TIC;Personas que han utilizado Internet diariamente (al menos 5 d�as a la semana);98,9
Sexo: Hombre;Ocupaci�n principal: Trabajadores TIC;Personas que han comprado a trav�s de Internet en los �ltimos 3 meses;80,3
Sexo: Hombre;Ocupaci�n principal: Otros trabajadores;Total Personas;10585652
Sexo: Hombre;Ocupaci�n principal: Otros trabajadores;Personas que han utilizado el tel�fono m�vil;99,8
Sexo: Hombre;Ocupaci�n principal: Otros trabajadores;Personas que han utilizado Internet en los �ltimos 3 meses;98,1
Sexo: Hombre;Ocupaci�n principal: Otros trabajadores;Personas que han utilizado Internet al menos una vez por semana en los �ltimos 3 meses;97,7
Sexo: Hombre;Ocupaci�n principal: Otros trabajadores;Personas que han utilizado Internet diariamente (al menos 5 d�as a la semana);95,3
Sexo: Hombre;Ocupaci�n principal: Otros trabajadores;Personas que han comprado a trav�s de Internet en los �ltimos 3 meses;62,3
Sexo: Hombre;Ingresos mensuales netos del hogar: Menos de 1.200 euros;Total Personas;1888738
Sexo: Hombre;Ingresos mensuales netos del hogar: Menos de 1.200 euros;Personas que han utilizado el tel�fono m�vil;98,6
Sexo: Hombre;Ingresos mensuales netos del hogar: Menos de 1.200 euros;Personas que han utilizado Internet en los �ltimos 3 meses;90,5
Sexo: Hombre;Ingresos mensuales netos del hogar: Menos de 1.200 euros;Personas que han utilizado Internet al menos una vez por semana en los �ltimos 3 meses;89,6
Sexo: Hombre;Ingresos mensuales netos del hogar: Menos de 1.200 euros;Personas que han utilizado Internet diariamente (al menos 5 d�as a la semana);85,3
Sexo: Hombre;Ingresos mensuales netos del hogar: Menos de 1.200 euros;Personas que han comprado a trav�s de Internet en los �ltimos 3 meses;44,3
Sexo: Hombre;Ingresos mensuales netos del hogar: De 1.200 a menos de 1.900 euros;Total Personas;2324083
Sexo: Hombre;Ingresos mensuales netos del hogar: De 1.200 a menos de 1.900 euros;Personas que han utilizado el tel�fono m�vil;98,6
Sexo: Hombre;Ingresos mensuales netos del hogar: De 1.200 a menos de 1.900 euros;Personas que han utilizado Internet en los �ltimos 3 meses;93,4
Sexo: Hombre;Ingresos mensuales netos del hogar: De 1.200 a menos de 1.900 euros;Personas que han utilizado Internet al menos una vez por semana en los �ltimos 3 meses;92,6
Sexo: Hombre;Ingresos mensuales netos del hogar: De 1.200 a menos de 1.900 euros;Personas que han utilizado Internet diariamente (al menos 5 d�as a la semana);88,1
Sexo: Hombre;Ingresos mensuales netos del hogar: De 1.200 a menos de 1.900 euros;Personas que han comprado a trav�s de Internet en los �ltimos 3 meses;44,5
Sexo: Hombre;Ingresos mensuales netos del hogar: De 1.900 a menos de 2.700 euros;Total Personas;2967551
Sexo: Hombre;Ingresos mensuales netos del hogar: De 1.900 a menos de 2.700 euros;Personas que han utilizado el tel�fono m�vil;99,1
Sexo: Hombre;Ingresos mensuales netos del hogar: De 1.900 a menos de 2.700 euros;Personas que han utilizado Internet en los �ltimos 3 meses;92,8
Sexo: Hombre;Ingresos mensuales netos del hogar: De 1.900 a menos de 2.700 euros;Personas que han utilizado Internet al menos una vez por semana en los �ltimos 3 meses;91,9
Sexo: Hombre;Ingresos mensuales netos del hogar: De 1.900 a menos de 2.700 euros;Personas que han utilizado Internet diariamente (al menos 5 d�as a la semana);87,6
Sexo: Hombre;Ingresos mensuales netos del hogar: De 1.900 a menos de 2.700 euros;Personas que han comprado a trav�s de Internet en los �ltimos 3 meses;47,1
Sexo: Hombre;Ingresos mensuales netos del hogar: De 2.700 a menos de 3.900 euros;Total Personas;4412116
Sexo: Hombre;Ingresos mensuales netos del hogar: De 2.700 a menos de 3.900 euros;Personas que han utilizado el tel�fono m�vil;99,3
Sexo: Hombre;Ingresos mensuales netos del hogar: De 2.700 a menos de 3.900 euros;Personas que han utilizado Internet en los �ltimos 3 meses;96,2
Sexo: Hombre;Ingresos mensuales netos del hogar: De 2.700 a menos de 3.900 euros;Personas que han utilizado Internet al menos una vez por semana en los �ltimos 3 meses;95,1
Sexo: Hombre;Ingresos mensuales netos del hogar: De 2.700 a menos de 3.900 euros;Personas que han utilizado Internet diariamente (al menos 5 d�as a la semana);92,2
Sexo: Hombre;Ingresos mensuales netos del hogar: De 2.700 a menos de 3.900 euros;Personas que han comprado a trav�s de Internet en los �ltimos 3 meses;54
Sexo: Hombre;Ingresos mensuales netos del hogar: 3.900 o m�s euros;Total Personas;6542390
Sexo: Hombre;Ingresos mensuales netos del hogar: 3.900 o m�s euros;Personas que han utilizado el tel�fono m�vil;99,5
Sexo: Hombre;Ingresos mensuales netos del hogar: 3.900 o m�s euros;Personas que han utilizado Internet en los �ltimos 3 meses;98,1
Sexo: Hombre;Ingresos mensuales netos del hogar: 3.900 o m�s euros;Personas que han utilizado Internet al menos una vez por semana en los �ltimos 3 meses;97,7
Sexo: Hombre;Ingresos mensuales netos del hogar: 3.900 o m�s euros;Personas que han utilizado Internet diariamente (al menos 5 d�as a la semana);95,7
Sexo: Hombre;Ingresos mensuales netos del hogar: 3.900 o m�s euros;Personas que han comprado a trav�s de Internet en los �ltimos 3 meses;68
Sexo: Hombre;Ingresos mensuales netos del hogar: NS/NR;Total Personas;82915
Sexo: Hombre;Ingresos mensuales netos del hogar: NS/NR;Personas que han utilizado el tel�fono m�vil;100
Sexo: Hombre;Ingresos mensuales netos del hogar: NS/NR;Personas que han utilizado Internet en los �ltimos 3 meses;90,2
Sexo: Hombre;Ingresos mensuales netos del hogar: NS/NR;Personas que han utilizado Internet al menos una vez por semana en los �ltimos 3 meses;87,3
Sexo: Hombre;Ingresos mensuales netos del hogar: NS/NR;Personas que han utilizado Internet diariamente (al menos 5 d�as a la semana);85,1
Sexo: Hombre;Ingresos mensuales netos del hogar: NS/NR;Personas que han comprado a trav�s de Internet en los �ltimos 3 meses;23,2
Sexo: Mujer;Total Personas;Total Personas;18445619
Sexo: Mujer;Total Personas;Personas que han utilizado el tel�fono m�vil;99,1
Sexo: Mujer;Total Personas;Personas que han utilizado Internet en los �ltimos 3 meses;96,2
Sexo: Mujer;Total Personas;Personas que han utilizado Internet al menos una vez por semana en los �ltimos 3 meses;95,3
Sexo: Mujer;Total Personas;Personas que han utilizado Internet diariamente (al menos 5 d�as a la semana);91,6
Sexo: Mujer;Total Personas;Personas que han comprado a trav�s de Internet en los �ltimos 3 meses;57,8
Sexo: Mujer;Estudios terminados: Menos que primaria;Total Personas;361928
Sexo: Mujer;Estudios terminados: Menos que primaria;Personas que han utilizado el tel�fono m�vil;88,9
Sexo: Mujer;Estudios terminados: Menos que primaria;Personas que han utilizado Internet en los �ltimos 3 meses;69,4
Sexo: Mujer;Estudios terminados: Menos que primaria;Personas que han utilizado Internet al menos una vez por semana en los �ltimos 3 meses;68,5
Sexo: Mujer;Estudios terminados: Menos que primaria;Personas que han utilizado Internet diariamente (al menos 5 d�as a la semana);58,3
Sexo: Mujer;Estudios terminados: Menos que primaria;Personas que han comprado a trav�s de Internet en los �ltimos 3 meses;14,3
Sexo: Mujer;Estudios terminados: Educaci�n Primaria;Total Personas;1037593
Sexo: Mujer;Estudios terminados: Educaci�n Primaria;Personas que han utilizado el tel�fono m�vil;95,4
Sexo: Mujer;Estudios terminados: Educaci�n Primaria;Personas que han utilizado Internet en los �ltimos 3 meses;80,5
Sexo: Mujer;Estudios terminados: Educaci�n Primaria;Personas que han utilizado Internet al menos una vez por semana en los �ltimos 3 meses;78,7
Sexo: Mujer;Estudios terminados: Educaci�n Primaria;Personas que han utilizado Internet diariamente (al menos 5 d�as a la semana);68,8
Sexo: Mujer;Estudios terminados: Educaci�n Primaria;Personas que han comprado a trav�s de Internet en los �ltimos 3 meses;12,4
Sexo: Mujer;Estudios terminados: Primera etapa de Educaci�n Secundaria;Total Personas;4328086
Sexo: Mujer;Estudios terminados: Primera etapa de Educaci�n Secundaria;Personas que han utilizado el tel�fono m�vil;98,8
Sexo: Mujer;Estudios terminados: Primera etapa de Educaci�n Secundaria;Personas que han utilizado Internet en los �ltimos 3 meses;93,9
Sexo: Mujer;Estudios terminados: Primera etapa de Educaci�n Secundaria;Personas que han utilizado Internet al menos una vez por semana en los �ltimos 3 meses;92,3
Sexo: Mujer;Estudios terminados: Primera etapa de Educaci�n Secundaria;Personas que han utilizado Internet diariamente (al menos 5 d�as a la semana);86,4
Sexo: Mujer;Estudios terminados: Primera etapa de Educaci�n Secundaria;Personas que han comprado a trav�s de Internet en los �ltimos 3 meses;40,3
Sexo: Mujer;Estudios terminados: Segunda etapa de Educaci�n Secundaria;Total Personas;4586667
Sexo: Mujer;Estudios terminados: Segunda etapa de Educaci�n Secundaria;Personas que han utilizado el tel�fono m�vil;99,9
Sexo: Mujer;Estudios terminados: Segunda etapa de Educaci�n Secundaria;Personas que han utilizado Internet en los �ltimos 3 meses;98,6
Sexo: Mujer;Estudios terminados: Segunda etapa de Educaci�n Secundaria;Personas que han utilizado Internet al menos una vez por semana en los �ltimos 3 meses;97,5
Sexo: Mujer;Estudios terminados: Segunda etapa de Educaci�n Secundaria;Personas que han utilizado Internet diariamente (al menos 5 d�as a la semana);94,2
Sexo: Mujer;Estudios terminados: Segunda etapa de Educaci�n Secundaria;Personas que han comprado a trav�s de Internet en los �ltimos 3 meses;60,5
Sexo: Mujer;Estudios terminados: Formaci�n Profesional de Grado Superior;Total Personas;2191648
Sexo: Mujer;Estudios terminados: Formaci�n Profesional de Grado Superior;Personas que han utilizado el tel�fono m�vil;99,9
Sexo: Mujer;Estudios terminados: Formaci�n Profesional de Grado Superior;Personas que han utilizado Internet en los �ltimos 3 meses;99,5
Sexo: Mujer;Estudios terminados: Formaci�n Profesional de Grado Superior;Personas que han utilizado Internet al menos una vez por semana en los �ltimos 3 meses;99,4
Sexo: Mujer;Estudios terminados: Formaci�n Profesional de Grado Superior;Personas que han utilizado Internet diariamente (al menos 5 d�as a la semana);96,8
Sexo: Mujer;Estudios terminados: Formaci�n Profesional de Grado Superior;Personas que han comprado a trav�s de Internet en los �ltimos 3 meses;67,4
Sexo: Mujer;Estudios terminados: Diplomatura universitaria y equivalentes;Total Personas;2399903
Sexo: Mujer;Estudios terminados: Diplomatura universitaria y equivalentes;Personas que han utilizado el tel�fono m�vil;99,9
Sexo: Mujer;Estudios terminados: Diplomatura universitaria y equivalentes;Personas que han utilizado Internet en los �ltimos 3 meses;99,1
Sexo: Mujer;Estudios terminados: Diplomatura universitaria y equivalentes;Personas que han utilizado Internet al menos una vez por semana en los �ltimos 3 meses;98,9
Sexo: Mujer;Estudios terminados: Diplomatura universitaria y equivalentes;Personas que han utilizado Internet diariamente (al menos 5 d�as a la semana);97,3
Sexo: Mujer;Estudios terminados: Diplomatura universitaria y equivalentes;Personas que han comprado a trav�s de Internet en los �ltimos 3 meses;70,5
Sexo: Mujer;Estudios terminados: Licenciatura universitaria, m�ster y equivalentes;Total Personas;3339497
Sexo: Mujer;Estudios terminados: Licenciatura universitaria, m�ster y equivalentes;Personas que han utilizado el tel�fono m�vil;99,8
Sexo: Mujer;Estudios terminados: Licenciatura universitaria, m�ster y equivalentes;Personas que han utilizado Internet en los �ltimos 3 meses;99,2
Sexo: Mujer;Estudios terminados: Licenciatura universitaria, m�ster y equivalentes;Personas que han utilizado Internet al menos una vez por semana en los �ltimos 3 meses;99
Sexo: Mujer;Estudios terminados: Licenciatura universitaria, m�ster y equivalentes;Personas que han utilizado Internet diariamente (al menos 5 d�as a la semana);97,7
Sexo: Mujer;Estudios terminados: Licenciatura universitaria, m�ster y equivalentes;Personas que han comprado a trav�s de Internet en los �ltimos 3 meses;78,8
Sexo: Mujer;Estudios terminados: Doctorado universitario;Total Personas;200298
Sexo: Mujer;Estudios terminados: Doctorado universitario;Personas que han utilizado el tel�fono m�vil;96,6
Sexo: Mujer;Estudios terminados: Doctorado universitario;Personas que han utilizado Internet en los �ltimos 3 meses;95,8
Sexo: Mujer;Estudios terminados: Doctorado universitario;Personas que han utilizado Internet al menos una vez por semana en los �ltimos 3 meses;95,8
Sexo: Mujer;Estudios terminados: Doctorado universitario;Personas que han utilizado Internet diariamente (al menos 5 d�as a la semana);94,1
Sexo: Mujer;Estudios terminados: Doctorado universitario;Personas que han comprado a trav�s de Internet en los �ltimos 3 meses;80,9
Sexo: Mujer;Estudios terminados: Otros;Total Personas;..
Sexo: Mujer;Estudios terminados: Otros;Personas que han utilizado el tel�fono m�vil;..
Sexo: Mujer;Estudios terminados: Otros;Personas que han utilizado Internet en los �ltimos 3 meses;..
Sexo: Mujer;Estudios terminados: Otros;Personas que han utilizado Internet al menos una vez por semana en los �ltimos 3 meses;..
Sexo: Mujer;Estudios terminados: Otros;Personas que han utilizado Internet diariamente (al menos 5 d�as a la semana);..
Sexo: Mujer;Estudios terminados: Otros;Personas que han comprado a trav�s de Internet en los �ltimos 3 meses;..
Sexo: Mujer;Situaci�n laboral: Activos ocupados;Total Personas;9870563
Sexo: Mujer;Situaci�n laboral: Activos ocupados;Personas que han utilizado el tel�fono m�vil;99,8
Sexo: Mujer;Situaci�n laboral: Activos ocupados;Personas que han utilizado Internet en los �ltimos 3 meses;99,2
Sexo: Mujer;Situaci�n laboral: Activos ocupados;Personas que han utilizado Internet al menos una vez por semana en los �ltimos 3 meses;98,6
Sexo: Mujer;Situaci�n laboral: Activos ocupados;Personas que han utilizado Internet diariamente (al menos 5 d�as a la semana);96,8
Sexo: Mujer;Situaci�n laboral: Activos ocupados;Personas que han comprado a trav�s de Internet en los �ltimos 3 meses;70,1
Sexo: Mujer;Situaci�n laboral: Activos parados;Total Personas;1976223
Sexo: Mujer;Situaci�n laboral: Activos parados;Personas que han utilizado el tel�fono m�vil;99,2
Sexo: Mujer;Situaci�n laboral: Activos parados;Personas que han utilizado Internet en los �ltimos 3 meses;97,5
Sexo: Mujer;Situaci�n laboral: Activos parados;Personas que han utilizado Internet al menos una vez por semana en los �ltimos 3 meses;97,1
Sexo: Mujer;Situaci�n laboral: Activos parados;Personas que han utilizado Internet diariamente (al menos 5 d�as a la semana);92,5
Sexo: Mujer;Situaci�n laboral: Activos parados;Personas que han comprado a trav�s de Internet en los �ltimos 3 meses;53,9
Sexo: Mujer;Situaci�n laboral: Inactivos: Estudiantes;Total Personas;1848162
Sexo: Mujer;Situaci�n laboral: Inactivos: Estudiantes;Personas que han utilizado el tel�fono m�vil;99,8
Sexo: Mujer;Situaci�n laboral: Inactivos: Estudiantes;Personas que han utilizado Internet en los �ltimos 3 meses;100
Sexo: Mujer;Situaci�n laboral: Inactivos: Estudiantes;Personas que han utilizado Internet al menos una vez por semana en los �ltimos 3 meses;100
Sexo: Mujer;Situaci�n laboral: Inactivos: Estudiantes;Personas que han utilizado Internet diariamente (al menos 5 d�as a la semana);100
Sexo: Mujer;Situaci�n laboral: Inactivos: Estudiantes;Personas que han comprado a trav�s de Internet en los �ltimos 3 meses;62,6
Sexo: Mujer;Situaci�n laboral: Inactivos: Labores del hogar;Total Personas;1621689
Sexo: Mujer;Situaci�n laboral: Inactivos: Labores del hogar;Personas que han utilizado el tel�fono m�vil;98,6
Sexo: Mujer;Situaci�n laboral: Inactivos: Labores del hogar;Personas que han utilizado Internet en los �ltimos 3 meses;93,1
Sexo: Mujer;Situaci�n laboral: Inactivos: Labores del hogar;Personas que han utilizado Internet al menos una vez por semana en los �ltimos 3 meses;92,4
Sexo: Mujer;Situaci�n laboral: Inactivos: Labores del hogar;Personas que han utilizado Internet diariamente (al menos 5 d�as a la semana);84,7
Sexo: Mujer;Situaci�n laboral: Inactivos: Labores del hogar;Personas que han comprado a trav�s de Internet en los �ltimos 3 meses;34,5
Sexo: Mujer;Situaci�n laboral: Inactivos: Pensionistas;Total Personas;2516860
Sexo: Mujer;Situaci�n laboral: Inactivos: Pensionistas;Personas que han utilizado el tel�fono m�vil;96,3
Sexo: Mujer;Situaci�n laboral: Inactivos: Pensionistas;Personas que han utilizado Internet en los �ltimos 3 meses;83,4
Sexo: Mujer;Situaci�n laboral: Inactivos: Pensionistas;Personas que han utilizado Internet al menos una vez por semana en los �ltimos 3 meses;80,4
Sexo: Mujer;Situaci�n laboral: Inactivos: Pensionistas;Personas que han utilizado Internet diariamente (al menos 5 d�as a la semana);70,6
Sexo: Mujer;Situaci�n laboral: Inactivos: Pensionistas;Personas que han comprado a trav�s de Internet en los �ltimos 3 meses;26,1
Sexo: Mujer;Situaci�n laboral: Otra situaci�n laboral;Total Personas;612121
Sexo: Mujer;Situaci�n laboral: Otra situaci�n laboral;Personas que han utilizado el tel�fono m�vil;97,6
Sexo: Mujer;Situaci�n laboral: Otra situaci�n laboral;Personas que han utilizado Internet en los �ltimos 3 meses;92,1
Sexo: Mujer;Situaci�n laboral: Otra situaci�n laboral;Personas que han utilizado Internet al menos una vez por semana en los �ltimos 3 meses;91,2
Sexo: Mujer;Situaci�n laboral: Otra situaci�n laboral;Personas que han utilizado Internet diariamente (al menos 5 d�as a la semana);83,6
Sexo: Mujer;Situaci�n laboral: Otra situaci�n laboral;Personas que han comprado a trav�s de Internet en los �ltimos 3 meses;49
Sexo: Mujer;Situaci�n Profesional (en trabajo principal): Trabajador por cuenta ajena con contrato indefinido;Total Personas;7016011
Sexo: Mujer;Situaci�n Profesional (en trabajo principal): Trabajador por cuenta ajena con contrato indefinido;Personas que han utilizado el tel�fono m�vil;99,9
Sexo: Mujer;Situaci�n Profesional (en trabajo principal): Trabajador por cuenta ajena con contrato indefinido;Personas que han utilizado Internet en los �ltimos 3 meses;99,4
Sexo: Mujer;Situaci�n Profesional (en trabajo principal): Trabajador por cuenta ajena con contrato indefinido;Personas que han utilizado Internet al menos una vez por semana en los �ltimos 3 meses;98,7
Sexo: Mujer;Situaci�n Profesional (en trabajo principal): Trabajador por cuenta ajena con contrato indefinido;Personas que han utilizado Internet diariamente (al menos 5 d�as a la semana);96,9
Sexo: Mujer;Situaci�n Profesional (en trabajo principal): Trabajador por cuenta ajena con contrato indefinido;Personas que han comprado a trav�s de Internet en los �ltimos 3 meses;70,4
Sexo: Mujer;Situaci�n Profesional (en trabajo principal): Trabajador por cuenta ajena con contrato temporal;Total Personas;1453873
Sexo: Mujer;Situaci�n Profesional (en trabajo principal): Trabajador por cuenta ajena con contrato temporal;Personas que han utilizado el tel�fono m�vil;99,6
Sexo: Mujer;Situaci�n Profesional (en trabajo principal): Trabajador por cuenta ajena con contrato temporal;Personas que han utilizado Internet en los �ltimos 3 meses;98,7
Sexo: Mujer;Situaci�n Profesional (en trabajo principal): Trabajador por cuenta ajena con contrato temporal;Personas que han utilizado Internet al menos una vez por semana en los �ltimos 3 meses;98,5
Sexo: Mujer;Situaci�n Profesional (en trabajo principal): Trabajador por cuenta ajena con contrato temporal;Personas que han utilizado Internet diariamente (al menos 5 d�as a la semana);97,7
Sexo: Mujer;Situaci�n Profesional (en trabajo principal): Trabajador por cuenta ajena con contrato temporal;Personas que han comprado a trav�s de Internet en los �ltimos 3 meses;68,9
Sexo: Mujer;Situaci�n Profesional (en trabajo principal): Trabajador por cuenta propia  con empleados;Total Personas;505659
Sexo: Mujer;Situaci�n Profesional (en trabajo principal): Trabajador por cuenta propia  con empleados;Personas que han utilizado el tel�fono m�vil;99,7
Sexo: Mujer;Situaci�n Profesional (en trabajo principal): Trabajador por cuenta propia  con empleados;Personas que han utilizado Internet en los �ltimos 3 meses;100
Sexo: Mujer;Situaci�n Profesional (en trabajo principal): Trabajador por cuenta propia  con empleados;Personas que han utilizado Internet al menos una vez por semana en los �ltimos 3 meses;99,4
Sexo: Mujer;Situaci�n Profesional (en trabajo principal): Trabajador por cuenta propia  con empleados;Personas que han utilizado Internet diariamente (al menos 5 d�as a la semana);95,7
Sexo: Mujer;Situaci�n Profesional (en trabajo principal): Trabajador por cuenta propia  con empleados;Personas que han comprado a trav�s de Internet en los �ltimos 3 meses;77,4
Sexo: Mujer;Situaci�n Profesional (en trabajo principal): Trabajador por cuenta propia sin empleados;Total Personas;755473
Sexo: Mujer;Situaci�n Profesional (en trabajo principal): Trabajador por cuenta propia sin empleados;Personas que han utilizado el tel�fono m�vil;99,8
Sexo: Mujer;Situaci�n Profesional (en trabajo principal): Trabajador por cuenta propia sin empleados;Personas que han utilizado Internet en los �ltimos 3 meses;98,3
Sexo: Mujer;Situaci�n Profesional (en trabajo principal): Trabajador por cuenta propia sin empleados;Personas que han utilizado Internet al menos una vez por semana en los �ltimos 3 meses;97,6
Sexo: Mujer;Situaci�n Profesional (en trabajo principal): Trabajador por cuenta propia sin empleados;Personas que han utilizado Internet diariamente (al menos 5 d�as a la semana);95
Sexo: Mujer;Situaci�n Profesional (en trabajo principal): Trabajador por cuenta propia sin empleados;Personas que han comprado a trav�s de Internet en los �ltimos 3 meses;65,9
Sexo: Mujer;Situaci�n Profesional (en trabajo principal):  Ayuda familiar (sin sueldo estipulado);Total Personas;139547
Sexo: Mujer;Situaci�n Profesional (en trabajo principal):  Ayuda familiar (sin sueldo estipulado);Personas que han utilizado el tel�fono m�vil;100
Sexo: Mujer;Situaci�n Profesional (en trabajo principal):  Ayuda familiar (sin sueldo estipulado);Personas que han utilizado Internet en los �ltimos 3 meses;98
Sexo: Mujer;Situaci�n Profesional (en trabajo principal):  Ayuda familiar (sin sueldo estipulado);Personas que han utilizado Internet al menos una vez por semana en los �ltimos 3 meses;98
Sexo: Mujer;Situaci�n Profesional (en trabajo principal):  Ayuda familiar (sin sueldo estipulado);Personas que han utilizado Internet diariamente (al menos 5 d�as a la semana);96,9
Sexo: Mujer;Situaci�n Profesional (en trabajo principal):  Ayuda familiar (sin sueldo estipulado);Personas que han comprado a trav�s de Internet en los �ltimos 3 meses;64
Sexo: Mujer;Jornada laboral (en trabajo principal) : A tiempo completo;Total Personas;7324514
Sexo: Mujer;Jornada laboral (en trabajo principal) : A tiempo completo;Personas que han utilizado el tel�fono m�vil;99,9
Sexo: Mujer;Jornada laboral (en trabajo principal) : A tiempo completo;Personas que han utilizado Internet en los �ltimos 3 meses;99,3
Sexo: Mujer;Jornada laboral (en trabajo principal) : A tiempo completo;Personas que han utilizado Internet al menos una vez por semana en los �ltimos 3 meses;98,8
Sexo: Mujer;Jornada laboral (en trabajo principal) : A tiempo completo;Personas que han utilizado Internet diariamente (al menos 5 d�as a la semana);97
Sexo: Mujer;Jornada laboral (en trabajo principal) : A tiempo completo;Personas que han comprado a trav�s de Internet en los �ltimos 3 meses;70,7
Sexo: Mujer;Jornada laboral (en trabajo principal) : A tiempo parcial;Total Personas;2546049
Sexo: Mujer;Jornada laboral (en trabajo principal) : A tiempo parcial;Personas que han utilizado el tel�fono m�vil;99,7
Sexo: Mujer;Jornada laboral (en trabajo principal) : A tiempo parcial;Personas que han utilizado Internet en los �ltimos 3 meses;98,8
Sexo: Mujer;Jornada laboral (en trabajo principal) : A tiempo parcial;Personas que han utilizado Internet al menos una vez por semana en los �ltimos 3 meses;98,1
Sexo: Mujer;Jornada laboral (en trabajo principal) : A tiempo parcial;Personas que han utilizado Internet diariamente (al menos 5 d�as a la semana);96,3
Sexo: Mujer;Jornada laboral (en trabajo principal) : A tiempo parcial;Personas que han comprado a trav�s de Internet en los �ltimos 3 meses;68,4
Sexo: Mujer;Ocupaci�n principal: Manual;Total Personas;1304964
Sexo: Mujer;Ocupaci�n principal: Manual;Personas que han utilizado el tel�fono m�vil;99,3
Sexo: Mujer;Ocupaci�n principal: Manual;Personas que han utilizado Internet en los �ltimos 3 meses;97,3
Sexo: Mujer;Ocupaci�n principal: Manual;Personas que han utilizado Internet al menos una vez por semana en los �ltimos 3 meses;96,2
Sexo: Mujer;Ocupaci�n principal: Manual;Personas que han utilizado Internet diariamente (al menos 5 d�as a la semana);93,3
Sexo: Mujer;Ocupaci�n principal: Manual;Personas que han comprado a trav�s de Internet en los �ltimos 3 meses;47,2
Sexo: Mujer;Ocupaci�n principal: No Manual;Total Personas;8565599
Sexo: Mujer;Ocupaci�n principal: No Manual;Personas que han utilizado el tel�fono m�vil;99,9
Sexo: Mujer;Ocupaci�n principal: No Manual;Personas que han utilizado Internet en los �ltimos 3 meses;99,5
Sexo: Mujer;Ocupaci�n principal: No Manual;Personas que han utilizado Internet al menos una vez por semana en los �ltimos 3 meses;99
Sexo: Mujer;Ocupaci�n principal: No Manual;Personas que han utilizado Internet diariamente (al menos 5 d�as a la semana);97,3
Sexo: Mujer;Ocupaci�n principal: No Manual;Personas que han comprado a trav�s de Internet en los �ltimos 3 meses;73,6
Sexo: Mujer;Ocupaci�n principal: Trabajadores TIC;Total Personas;341192
Sexo: Mujer;Ocupaci�n principal: Trabajadores TIC;Personas que han utilizado el tel�fono m�vil;98,7
Sexo: Mujer;Ocupaci�n principal: Trabajadores TIC;Personas que han utilizado Internet en los �ltimos 3 meses;97,6
Sexo: Mujer;Ocupaci�n principal: Trabajadores TIC;Personas que han utilizado Internet al menos una vez por semana en los �ltimos 3 meses;97,6
Sexo: Mujer;Ocupaci�n principal: Trabajadores TIC;Personas que han utilizado Internet diariamente (al menos 5 d�as a la semana);97,3
Sexo: Mujer;Ocupaci�n principal: Trabajadores TIC;Personas que han comprado a trav�s de Internet en los �ltimos 3 meses;86,5
Sexo: Mujer;Ocupaci�n principal: Otros trabajadores;Total Personas;9529371
Sexo: Mujer;Ocupaci�n principal: Otros trabajadores;Personas que han utilizado el tel�fono m�vil;99,9
Sexo: Mujer;Ocupaci�n principal: Otros trabajadores;Personas que han utilizado Internet en los �ltimos 3 meses;99,2
Sexo: Mujer;Ocupaci�n principal: Otros trabajadores;Personas que han utilizado Internet al menos una vez por semana en los �ltimos 3 meses;98,6
Sexo: Mujer;Ocupaci�n principal: Otros trabajadores;Personas que han utilizado Internet diariamente (al menos 5 d�as a la semana);96,8
Sexo: Mujer;Ocupaci�n principal: Otros trabajadores;Personas que han comprado a trav�s de Internet en los �ltimos 3 meses;69,5
Sexo: Mujer;Ingresos mensuales netos del hogar: Menos de 1.200 euros;Total Personas;2222145
Sexo: Mujer;Ingresos mensuales netos del hogar: Menos de 1.200 euros;Personas que han utilizado el tel�fono m�vil;98,3
Sexo: Mujer;Ingresos mensuales netos del hogar: Menos de 1.200 euros;Personas que han utilizado Internet en los �ltimos 3 meses;92,9
Sexo: Mujer;Ingresos mensuales netos del hogar: Menos de 1.200 euros;Personas que han utilizado Internet al menos una vez por semana en los �ltimos 3 meses;91,2
Sexo: Mujer;Ingresos mensuales netos del hogar: Menos de 1.200 euros;Personas que han utilizado Internet diariamente (al menos 5 d�as a la semana);87,1
Sexo: Mujer;Ingresos mensuales netos del hogar: Menos de 1.200 euros;Personas que han comprado a trav�s de Internet en los �ltimos 3 meses;44,9
Sexo: Mujer;Ingresos mensuales netos del hogar: De 1.200 a menos de 1.900 euros;Total Personas;2379714
Sexo: Mujer;Ingresos mensuales netos del hogar: De 1.200 a menos de 1.900 euros;Personas que han utilizado el tel�fono m�vil;98,8
Sexo: Mujer;Ingresos mensuales netos del hogar: De 1.200 a menos de 1.900 euros;Personas que han utilizado Internet en los �ltimos 3 meses;94
Sexo: Mujer;Ingresos mensuales netos del hogar: De 1.200 a menos de 1.900 euros;Personas que han utilizado Internet al menos una vez por semana en los �ltimos 3 meses;93,2
Sexo: Mujer;Ingresos mensuales netos del hogar: De 1.200 a menos de 1.900 euros;Personas que han utilizado Internet diariamente (al menos 5 d�as a la semana);87
Sexo: Mujer;Ingresos mensuales netos del hogar: De 1.200 a menos de 1.900 euros;Personas que han comprado a trav�s de Internet en los �ltimos 3 meses;52,1
Sexo: Mujer;Ingresos mensuales netos del hogar: De 1.900 a menos de 2.700 euros;Total Personas;3246585
Sexo: Mujer;Ingresos mensuales netos del hogar: De 1.900 a menos de 2.700 euros;Personas que han utilizado el tel�fono m�vil;99,1
Sexo: Mujer;Ingresos mensuales netos del hogar: De 1.900 a menos de 2.700 euros;Personas que han utilizado Internet en los �ltimos 3 meses;95,4
Sexo: Mujer;Ingresos mensuales netos del hogar: De 1.900 a menos de 2.700 euros;Personas que han utilizado Internet al menos una vez por semana en los �ltimos 3 meses;94,6
Sexo: Mujer;Ingresos mensuales netos del hogar: De 1.900 a menos de 2.700 euros;Personas que han utilizado Internet diariamente (al menos 5 d�as a la semana);90,3
Sexo: Mujer;Ingresos mensuales netos del hogar: De 1.900 a menos de 2.700 euros;Personas que han comprado a trav�s de Internet en los �ltimos 3 meses;52,3
Sexo: Mujer;Ingresos mensuales netos del hogar: De 2.700 a menos de 3.900 euros;Total Personas;4340444
Sexo: Mujer;Ingresos mensuales netos del hogar: De 2.700 a menos de 3.900 euros;Personas que han utilizado el tel�fono m�vil;98,9
Sexo: Mujer;Ingresos mensuales netos del hogar: De 2.700 a menos de 3.900 euros;Personas que han utilizado Internet en los �ltimos 3 meses;96,6
Sexo: Mujer;Ingresos mensuales netos del hogar: De 2.700 a menos de 3.900 euros;Personas que han utilizado Internet al menos una vez por semana en los �ltimos 3 meses;95,9
Sexo: Mujer;Ingresos mensuales netos del hogar: De 2.700 a menos de 3.900 euros;Personas que han utilizado Internet diariamente (al menos 5 d�as a la semana);92,5
Sexo: Mujer;Ingresos mensuales netos del hogar: De 2.700 a menos de 3.900 euros;Personas que han comprado a trav�s de Internet en los �ltimos 3 meses;58,3
Sexo: Mujer;Ingresos mensuales netos del hogar: 3.900 o m�s euros;Total Personas;6160191
Sexo: Mujer;Ingresos mensuales netos del hogar: 3.900 o m�s euros;Personas que han utilizado el tel�fono m�vil;99,7
Sexo: Mujer;Ingresos mensuales netos del hogar: 3.900 o m�s euros;Personas que han utilizado Internet en los �ltimos 3 meses;98,4
Sexo: Mujer;Ingresos mensuales netos del hogar: 3.900 o m�s euros;Personas que han utilizado Internet al menos una vez por semana en los �ltimos 3 meses;97,7
Sexo: Mujer;Ingresos mensuales netos del hogar: 3.900 o m�s euros;Personas que han utilizado Internet diariamente (al menos 5 d�as a la semana);95,2
Sexo: Mujer;Ingresos mensuales netos del hogar: 3.900 o m�s euros;Personas que han comprado a trav�s de Internet en los �ltimos 3 meses;67,5
Sexo: Mujer;Ingresos mensuales netos del hogar: NS/NR;Total Personas;96539
Sexo: Mujer;Ingresos mensuales netos del hogar: NS/NR;Personas que han utilizado el tel�fono m�vil;100
Sexo: Mujer;Ingresos mensuales netos del hogar: NS/NR;Personas que han utilizado Internet en los �ltimos 3 meses;90,7
Sexo: Mujer;Ingresos mensuales netos del hogar: NS/NR;Personas que han utilizado Internet al menos una vez por semana en los �ltimos 3 meses;90,7
Sexo: Mujer;Ingresos mensuales netos del hogar: NS/NR;Personas que han utilizado Internet diariamente (al menos 5 d�as a la semana);82,4
Sexo: Mujer;Ingresos mensuales netos del hogar: NS/NR;Personas que han comprado a trav�s de Internet en los �ltimos 3 meses;38,6
