Población de referencia;Comunidades y Ciudades Autónomas;Frecuencia de uso;Total
Total Personas;Total nacional;Total;36.663.412
Total Personas;Total nacional;Han usado Internet alguna vez;97
Total Personas;Total nacional;Han usado Internet en los últimos 12 meses;96,3
Total Personas;Total nacional;Han usado Internet en los últimos 3 meses;95,8
Total Personas;Total nacional;Han usado Internet semanalmente (al menos una vez a la semana);95
Total Personas;Total nacional;Han usado Internet diariamente (al menos 5 días a la semana);91,5
Total Personas;Total nacional;Han usado Internet varias veces al día;85
Total Personas;Andalucía;Total;6.535.565
Total Personas;Andalucía;Han usado Internet alguna vez;96,3
Total Personas;Andalucía;Han usado Internet en los últimos 12 meses;95,4
Total Personas;Andalucía;Han usado Internet en los últimos 3 meses;95
Total Personas;Andalucía;Han usado Internet semanalmente (al menos una vez a la semana);94,4
Total Personas;Andalucía;Han usado Internet diariamente (al menos 5 días a la semana);91,6
Total Personas;Andalucía;Han usado Internet varias veces al día;83,7
Total Personas;Aragón;Total;995.748
Total Personas;Aragón;Han usado Internet alguna vez;97,6
Total Personas;Aragón;Han usado Internet en los últimos 12 meses;97,2
Total Personas;Aragón;Han usado Internet en los últimos 3 meses;96,2
Total Personas;Aragón;Han usado Internet semanalmente (al menos una vez a la semana);95
Total Personas;Aragón;Han usado Internet diariamente (al menos 5 días a la semana);92,6
Total Personas;Aragón;Han usado Internet varias veces al día;84,5
Total Personas;Asturias, Principado de;Total;755.000
Total Personas;Asturias, Principado de;Han usado Internet alguna vez;94,9
Total Personas;Asturias, Principado de;Han usado Internet en los últimos 12 meses;93,3
Total Personas;Asturias, Principado de;Han usado Internet en los últimos 3 meses;92,8
Total Personas;Asturias, Principado de;Han usado Internet semanalmente (al menos una vez a la semana);91,6
Total Personas;Asturias, Principado de;Han usado Internet diariamente (al menos 5 días a la semana);86,9
Total Personas;Asturias, Principado de;Han usado Internet varias veces al día;78,8
Total Personas;Balears, Illes;Total;953.213
Total Personas;Balears, Illes;Han usado Internet alguna vez;97,1
Total Personas;Balears, Illes;Han usado Internet en los últimos 12 meses;96,7
Total Personas;Balears, Illes;Han usado Internet en los últimos 3 meses;96,3
Total Personas;Balears, Illes;Han usado Internet semanalmente (al menos una vez a la semana);95,4
Total Personas;Balears, Illes;Han usado Internet diariamente (al menos 5 días a la semana);93,3
Total Personas;Balears, Illes;Han usado Internet varias veces al día;87,9
Total Personas;Canarias;Total;1.774.885
Total Personas;Canarias;Han usado Internet alguna vez;97,1
Total Personas;Canarias;Han usado Internet en los últimos 12 meses;96,4
Total Personas;Canarias;Han usado Internet en los últimos 3 meses;96,1
Total Personas;Canarias;Han usado Internet semanalmente (al menos una vez a la semana);95,4
Total Personas;Canarias;Han usado Internet diariamente (al menos 5 días a la semana);92,5
Total Personas;Canarias;Han usado Internet varias veces al día;85,8
Total Personas;Cantabria;Total;444.704
Total Personas;Cantabria;Han usado Internet alguna vez;96,7
Total Personas;Cantabria;Han usado Internet en los últimos 12 meses;95,9
Total Personas;Cantabria;Han usado Internet en los últimos 3 meses;94,3
Total Personas;Cantabria;Han usado Internet semanalmente (al menos una vez a la semana);93,9
Total Personas;Cantabria;Han usado Internet diariamente (al menos 5 días a la semana);89,9
Total Personas;Cantabria;Han usado Internet varias veces al día;83,4
Total Personas;Castilla y León;Total;1.752.324
Total Personas;Castilla y León;Han usado Internet alguna vez;95,8
Total Personas;Castilla y León;Han usado Internet en los últimos 12 meses;95
Total Personas;Castilla y León;Han usado Internet en los últimos 3 meses;94,7
Total Personas;Castilla y León;Han usado Internet semanalmente (al menos una vez a la semana);93,7
Total Personas;Castilla y León;Han usado Internet diariamente (al menos 5 días a la semana);88,7
Total Personas;Castilla y León;Han usado Internet varias veces al día;79,6
Total Personas;Castilla-La Mancha;Total;1.575.515
Total Personas;Castilla-La Mancha;Han usado Internet alguna vez;97,3
Total Personas;Castilla-La Mancha;Han usado Internet en los últimos 12 meses;96,4
Total Personas;Castilla-La Mancha;Han usado Internet en los últimos 3 meses;95,9
Total Personas;Castilla-La Mancha;Han usado Internet semanalmente (al menos una vez a la semana);95,2
Total Personas;Castilla-La Mancha;Han usado Internet diariamente (al menos 5 días a la semana);90,9
Total Personas;Castilla-La Mancha;Han usado Internet varias veces al día;83
Total Personas;Cataluña;Total;6.035.525
Total Personas;Cataluña;Han usado Internet alguna vez;98,1
Total Personas;Cataluña;Han usado Internet en los últimos 12 meses;97,5
Total Personas;Cataluña;Han usado Internet en los últimos 3 meses;97
Total Personas;Cataluña;Han usado Internet semanalmente (al menos una vez a la semana);96,4
Total Personas;Cataluña;Han usado Internet diariamente (al menos 5 días a la semana);92,7
Total Personas;Cataluña;Han usado Internet varias veces al día;88,1
Total Personas;Comunitat Valenciana;Total;4.038.262
Total Personas;Comunitat Valenciana;Han usado Internet alguna vez;97,8
Total Personas;Comunitat Valenciana;Han usado Internet en los últimos 12 meses;97,2
Total Personas;Comunitat Valenciana;Han usado Internet en los últimos 3 meses;95,8
Total Personas;Comunitat Valenciana;Han usado Internet semanalmente (al menos una vez a la semana);94,8
Total Personas;Comunitat Valenciana;Han usado Internet diariamente (al menos 5 días a la semana);92,5
Total Personas;Comunitat Valenciana;Han usado Internet varias veces al día;85,7
Total Personas;Extremadura;Total;788.228
Total Personas;Extremadura;Han usado Internet alguna vez;94,3
Total Personas;Extremadura;Han usado Internet en los últimos 12 meses;93,6
Total Personas;Extremadura;Han usado Internet en los últimos 3 meses;92,1
Total Personas;Extremadura;Han usado Internet semanalmente (al menos una vez a la semana);91,6
Total Personas;Extremadura;Han usado Internet diariamente (al menos 5 días a la semana);88,3
Total Personas;Extremadura;Han usado Internet varias veces al día;82,1
Total Personas;Galicia;Total;1.990.151
Total Personas;Galicia;Han usado Internet alguna vez;94
Total Personas;Galicia;Han usado Internet en los últimos 12 meses;93,1
Total Personas;Galicia;Han usado Internet en los últimos 3 meses;92,5
Total Personas;Galicia;Han usado Internet semanalmente (al menos una vez a la semana);90,7
Total Personas;Galicia;Han usado Internet diariamente (al menos 5 días a la semana);86,9
Total Personas;Galicia;Han usado Internet varias veces al día;79,8
Total Personas;Madrid, Comunidad de;Total;5.328.432
Total Personas;Madrid, Comunidad de;Han usado Internet alguna vez;98,4
Total Personas;Madrid, Comunidad de;Han usado Internet en los últimos 12 meses;98
Total Personas;Madrid, Comunidad de;Han usado Internet en los últimos 3 meses;97,7
Total Personas;Madrid, Comunidad de;Han usado Internet semanalmente (al menos una vez a la semana);97,1
Total Personas;Madrid, Comunidad de;Han usado Internet diariamente (al menos 5 días a la semana);93,5
Total Personas;Madrid, Comunidad de;Han usado Internet varias veces al día;88,2
Total Personas;Murcia, Región de;Total;1.178.452
Total Personas;Murcia, Región de;Han usado Internet alguna vez;96,2
Total Personas;Murcia, Región de;Han usado Internet en los últimos 12 meses;96,1
Total Personas;Murcia, Región de;Han usado Internet en los últimos 3 meses;95,4
Total Personas;Murcia, Región de;Han usado Internet semanalmente (al menos una vez a la semana);94,5
Total Personas;Murcia, Región de;Han usado Internet diariamente (al menos 5 días a la semana);90,1
Total Personas;Murcia, Región de;Han usado Internet varias veces al día;84,1
Total Personas;Navarra, Comunidad Foral de;Total;502.205
Total Personas;Navarra, Comunidad Foral de;Han usado Internet alguna vez;97
Total Personas;Navarra, Comunidad Foral de;Han usado Internet en los últimos 12 meses;96,5
Total Personas;Navarra, Comunidad Foral de;Han usado Internet en los últimos 3 meses;95,7
Total Personas;Navarra, Comunidad Foral de;Han usado Internet semanalmente (al menos una vez a la semana);95
Total Personas;Navarra, Comunidad Foral de;Han usado Internet diariamente (al menos 5 días a la semana);92,2
Total Personas;Navarra, Comunidad Foral de;Han usado Internet varias veces al día;85,2
Total Personas;País Vasco;Total;1.649.817
Total Personas;País Vasco;Han usado Internet alguna vez;96,8
Total Personas;País Vasco;Han usado Internet en los últimos 12 meses;96
Total Personas;País Vasco;Han usado Internet en los últimos 3 meses;95,8
Total Personas;País Vasco;Han usado Internet semanalmente (al menos una vez a la semana);94,7
Total Personas;País Vasco;Han usado Internet diariamente (al menos 5 días a la semana);89,5
Total Personas;País Vasco;Han usado Internet varias veces al día;83,5
Total Personas;Rioja, La;Total;240.885
Total Personas;Rioja, La;Han usado Internet alguna vez;96,4
Total Personas;Rioja, La;Han usado Internet en los últimos 12 meses;95,5
Total Personas;Rioja, La;Han usado Internet en los últimos 3 meses;94,3
Total Personas;Rioja, La;Han usado Internet semanalmente (al menos una vez a la semana);94,1
Total Personas;Rioja, La;Han usado Internet diariamente (al menos 5 días a la semana);89,8
Total Personas;Rioja, La;Han usado Internet varias veces al día;82
Total Personas;Ceuta;Total;60.084
Total Personas;Ceuta;Han usado Internet alguna vez;95,2
Total Personas;Ceuta;Han usado Internet en los últimos 12 meses;95,2
Total Personas;Ceuta;Han usado Internet en los últimos 3 meses;95,2
Total Personas;Ceuta;Han usado Internet semanalmente (al menos una vez a la semana);94,1
Total Personas;Ceuta;Han usado Internet diariamente (al menos 5 días a la semana);89,7
Total Personas;Ceuta;Han usado Internet varias veces al día;79,7
Total Personas;Melilla;Total;64.417
Total Personas;Melilla;Han usado Internet alguna vez;98
Total Personas;Melilla;Han usado Internet en los últimos 12 meses;97,7
Total Personas;Melilla;Han usado Internet en los últimos 3 meses;96,4
Total Personas;Melilla;Han usado Internet semanalmente (al menos una vez a la semana);96,4
Total Personas;Melilla;Han usado Internet diariamente (al menos 5 días a la semana);92,4
Total Personas;Melilla;Han usado Internet varias veces al día;87,4
Usuarios de Internet en los últimos 12 meses;Total nacional;Total;35.322.450
Usuarios de Internet en los últimos 12 meses;Total nacional;Han usado Internet alguna vez;..
Usuarios de Internet en los últimos 12 meses;Total nacional;Han usado Internet en los últimos 12 meses;100
Usuarios de Internet en los últimos 12 meses;Total nacional;Han usado Internet en los últimos 3 meses;99,4
Usuarios de Internet en los últimos 12 meses;Total nacional;Han usado Internet semanalmente (al menos una vez a la semana);98,6
Usuarios de Internet en los últimos 12 meses;Total nacional;Han usado Internet diariamente (al menos 5 días a la semana);95
Usuarios de Internet en los últimos 12 meses;Total nacional;Han usado Internet varias veces al día;88,2
Usuarios de Internet en los últimos 12 meses;Andalucía;Total;6.234.140
Usuarios de Internet en los últimos 12 meses;Andalucía;Han usado Internet alguna vez;..
Usuarios de Internet en los últimos 12 meses;Andalucía;Han usado Internet en los últimos 12 meses;100
Usuarios de Internet en los últimos 12 meses;Andalucía;Han usado Internet en los últimos 3 meses;99,6
Usuarios de Internet en los últimos 12 meses;Andalucía;Han usado Internet semanalmente (al menos una vez a la semana);98,9
Usuarios de Internet en los últimos 12 meses;Andalucía;Han usado Internet diariamente (al menos 5 días a la semana);96
Usuarios de Internet en los últimos 12 meses;Andalucía;Han usado Internet varias veces al día;87,7
Usuarios de Internet en los últimos 12 meses;Aragón;Total;968.175
Usuarios de Internet en los últimos 12 meses;Aragón;Han usado Internet alguna vez;..
Usuarios de Internet en los últimos 12 meses;Aragón;Han usado Internet en los últimos 12 meses;100
Usuarios de Internet en los últimos 12 meses;Aragón;Han usado Internet en los últimos 3 meses;98,9
Usuarios de Internet en los últimos 12 meses;Aragón;Han usado Internet semanalmente (al menos una vez a la semana);97,7
Usuarios de Internet en los últimos 12 meses;Aragón;Han usado Internet diariamente (al menos 5 días a la semana);95,3
Usuarios de Internet en los últimos 12 meses;Aragón;Han usado Internet varias veces al día;86,9
Usuarios de Internet en los últimos 12 meses;Asturias, Principado de;Total;704.523
Usuarios de Internet en los últimos 12 meses;Asturias, Principado de;Han usado Internet alguna vez;..
Usuarios de Internet en los últimos 12 meses;Asturias, Principado de;Han usado Internet en los últimos 12 meses;100
Usuarios de Internet en los últimos 12 meses;Asturias, Principado de;Han usado Internet en los últimos 3 meses;99,4
Usuarios de Internet en los últimos 12 meses;Asturias, Principado de;Han usado Internet semanalmente (al menos una vez a la semana);98,2
Usuarios de Internet en los últimos 12 meses;Asturias, Principado de;Han usado Internet diariamente (al menos 5 días a la semana);93,2
Usuarios de Internet en los últimos 12 meses;Asturias, Principado de;Han usado Internet varias veces al día;84,4
Usuarios de Internet en los últimos 12 meses;Balears, Illes;Total;921.449
Usuarios de Internet en los últimos 12 meses;Balears, Illes;Han usado Internet alguna vez;..
Usuarios de Internet en los últimos 12 meses;Balears, Illes;Han usado Internet en los últimos 12 meses;100
Usuarios de Internet en los últimos 12 meses;Balears, Illes;Han usado Internet en los últimos 3 meses;99,7
Usuarios de Internet en los últimos 12 meses;Balears, Illes;Han usado Internet semanalmente (al menos una vez a la semana);98,7
Usuarios de Internet en los últimos 12 meses;Balears, Illes;Han usado Internet diariamente (al menos 5 días a la semana);96,5
Usuarios de Internet en los últimos 12 meses;Balears, Illes;Han usado Internet varias veces al día;90,9
Usuarios de Internet en los últimos 12 meses;Canarias;Total;1.711.445
Usuarios de Internet en los últimos 12 meses;Canarias;Han usado Internet alguna vez;..
Usuarios de Internet en los últimos 12 meses;Canarias;Han usado Internet en los últimos 12 meses;100
Usuarios de Internet en los últimos 12 meses;Canarias;Han usado Internet en los últimos 3 meses;99,7
Usuarios de Internet en los últimos 12 meses;Canarias;Han usado Internet semanalmente (al menos una vez a la semana);98,9
Usuarios de Internet en los últimos 12 meses;Canarias;Han usado Internet diariamente (al menos 5 días a la semana);95,9
Usuarios de Internet en los últimos 12 meses;Canarias;Han usado Internet varias veces al día;89
Usuarios de Internet en los últimos 12 meses;Cantabria;Total;426.298
Usuarios de Internet en los últimos 12 meses;Cantabria;Han usado Internet alguna vez;..
Usuarios de Internet en los últimos 12 meses;Cantabria;Han usado Internet en los últimos 12 meses;100
Usuarios de Internet en los últimos 12 meses;Cantabria;Han usado Internet en los últimos 3 meses;98,4
Usuarios de Internet en los últimos 12 meses;Cantabria;Han usado Internet semanalmente (al menos una vez a la semana);97,9
Usuarios de Internet en los últimos 12 meses;Cantabria;Han usado Internet diariamente (al menos 5 días a la semana);93,8
Usuarios de Internet en los últimos 12 meses;Cantabria;Han usado Internet varias veces al día;87,1
Usuarios de Internet en los últimos 12 meses;Castilla y León;Total;1.665.093
Usuarios de Internet en los últimos 12 meses;Castilla y León;Han usado Internet alguna vez;..
Usuarios de Internet en los últimos 12 meses;Castilla y León;Han usado Internet en los últimos 12 meses;100
Usuarios de Internet en los últimos 12 meses;Castilla y León;Han usado Internet en los últimos 3 meses;99,7
Usuarios de Internet en los últimos 12 meses;Castilla y León;Han usado Internet semanalmente (al menos una vez a la semana);98,6
Usuarios de Internet en los últimos 12 meses;Castilla y León;Han usado Internet diariamente (al menos 5 días a la semana);93,3
Usuarios de Internet en los últimos 12 meses;Castilla y León;Han usado Internet varias veces al día;83,8
Usuarios de Internet en los últimos 12 meses;Castilla-La Mancha;Total;1.518.873
Usuarios de Internet en los últimos 12 meses;Castilla-La Mancha;Han usado Internet alguna vez;..
Usuarios de Internet en los últimos 12 meses;Castilla-La Mancha;Han usado Internet en los últimos 12 meses;100
Usuarios de Internet en los últimos 12 meses;Castilla-La Mancha;Han usado Internet en los últimos 3 meses;99,4
Usuarios de Internet en los últimos 12 meses;Castilla-La Mancha;Han usado Internet semanalmente (al menos una vez a la semana);98,8
Usuarios de Internet en los últimos 12 meses;Castilla-La Mancha;Han usado Internet diariamente (al menos 5 días a la semana);94,3
Usuarios de Internet en los últimos 12 meses;Castilla-La Mancha;Han usado Internet varias veces al día;86,1
Usuarios de Internet en los últimos 12 meses;Cataluña;Total;5.882.501
Usuarios de Internet en los últimos 12 meses;Cataluña;Han usado Internet alguna vez;..
Usuarios de Internet en los últimos 12 meses;Cataluña;Han usado Internet en los últimos 12 meses;100
Usuarios de Internet en los últimos 12 meses;Cataluña;Han usado Internet en los últimos 3 meses;99,5
Usuarios de Internet en los últimos 12 meses;Cataluña;Han usado Internet semanalmente (al menos una vez a la semana);98,9
Usuarios de Internet en los últimos 12 meses;Cataluña;Han usado Internet diariamente (al menos 5 días a la semana);95,1
Usuarios de Internet en los últimos 12 meses;Cataluña;Han usado Internet varias veces al día;90,3
Usuarios de Internet en los últimos 12 meses;Comunitat Valenciana;Total;3.927.154
Usuarios de Internet en los últimos 12 meses;Comunitat Valenciana;Han usado Internet alguna vez;..
Usuarios de Internet en los últimos 12 meses;Comunitat Valenciana;Han usado Internet en los últimos 12 meses;100
Usuarios de Internet en los últimos 12 meses;Comunitat Valenciana;Han usado Internet en los últimos 3 meses;98,5
Usuarios de Internet en los últimos 12 meses;Comunitat Valenciana;Han usado Internet semanalmente (al menos una vez a la semana);97,5
Usuarios de Internet en los últimos 12 meses;Comunitat Valenciana;Han usado Internet diariamente (al menos 5 días a la semana);95,1
Usuarios de Internet en los últimos 12 meses;Comunitat Valenciana;Han usado Internet varias veces al día;88,1
Usuarios de Internet en los últimos 12 meses;Extremadura;Total;737.503
Usuarios de Internet en los últimos 12 meses;Extremadura;Han usado Internet alguna vez;..
Usuarios de Internet en los últimos 12 meses;Extremadura;Han usado Internet en los últimos 12 meses;100
Usuarios de Internet en los últimos 12 meses;Extremadura;Han usado Internet en los últimos 3 meses;98,5
Usuarios de Internet en los últimos 12 meses;Extremadura;Han usado Internet semanalmente (al menos una vez a la semana);97,9
Usuarios de Internet en los últimos 12 meses;Extremadura;Han usado Internet diariamente (al menos 5 días a la semana);94,4
Usuarios de Internet en los últimos 12 meses;Extremadura;Han usado Internet varias veces al día;87,7
Usuarios de Internet en los últimos 12 meses;Galicia;Total;1.853.376
Usuarios de Internet en los últimos 12 meses;Galicia;Han usado Internet alguna vez;..
Usuarios de Internet en los últimos 12 meses;Galicia;Han usado Internet en los últimos 12 meses;100
Usuarios de Internet en los últimos 12 meses;Galicia;Han usado Internet en los últimos 3 meses;99,3
Usuarios de Internet en los últimos 12 meses;Galicia;Han usado Internet semanalmente (al menos una vez a la semana);97,4
Usuarios de Internet en los últimos 12 meses;Galicia;Han usado Internet diariamente (al menos 5 días a la semana);93,3
Usuarios de Internet en los últimos 12 meses;Galicia;Han usado Internet varias veces al día;85,7
Usuarios de Internet en los últimos 12 meses;Madrid, Comunidad de;Total;5.222.133
Usuarios de Internet en los últimos 12 meses;Madrid, Comunidad de;Han usado Internet alguna vez;..
Usuarios de Internet en los últimos 12 meses;Madrid, Comunidad de;Han usado Internet en los últimos 12 meses;100
Usuarios de Internet en los últimos 12 meses;Madrid, Comunidad de;Han usado Internet en los últimos 3 meses;99,7
Usuarios de Internet en los últimos 12 meses;Madrid, Comunidad de;Han usado Internet semanalmente (al menos una vez a la semana);99,1
Usuarios de Internet en los últimos 12 meses;Madrid, Comunidad de;Han usado Internet diariamente (al menos 5 días a la semana);95,4
Usuarios de Internet en los últimos 12 meses;Madrid, Comunidad de;Han usado Internet varias veces al día;90
Usuarios de Internet en los últimos 12 meses;Murcia, Región de;Total;1.132.000
Usuarios de Internet en los últimos 12 meses;Murcia, Región de;Han usado Internet alguna vez;..
Usuarios de Internet en los últimos 12 meses;Murcia, Región de;Han usado Internet en los últimos 12 meses;100
Usuarios de Internet en los últimos 12 meses;Murcia, Región de;Han usado Internet en los últimos 3 meses;99,3
Usuarios de Internet en los últimos 12 meses;Murcia, Región de;Han usado Internet semanalmente (al menos una vez a la semana);98,4
Usuarios de Internet en los últimos 12 meses;Murcia, Región de;Han usado Internet diariamente (al menos 5 días a la semana);93,8
Usuarios de Internet en los últimos 12 meses;Murcia, Región de;Han usado Internet varias veces al día;87,5
Usuarios de Internet en los últimos 12 meses;Navarra, Comunidad Foral de;Total;484.481
Usuarios de Internet en los últimos 12 meses;Navarra, Comunidad Foral de;Han usado Internet alguna vez;..
Usuarios de Internet en los últimos 12 meses;Navarra, Comunidad Foral de;Han usado Internet en los últimos 12 meses;100
Usuarios de Internet en los últimos 12 meses;Navarra, Comunidad Foral de;Han usado Internet en los últimos 3 meses;99,3
Usuarios de Internet en los últimos 12 meses;Navarra, Comunidad Foral de;Han usado Internet semanalmente (al menos una vez a la semana);98,5
Usuarios de Internet en los últimos 12 meses;Navarra, Comunidad Foral de;Han usado Internet diariamente (al menos 5 días a la semana);95,6
Usuarios de Internet en los últimos 12 meses;Navarra, Comunidad Foral de;Han usado Internet varias veces al día;88,3
Usuarios de Internet en los últimos 12 meses;País Vasco;Total;1.583.081
Usuarios de Internet en los últimos 12 meses;País Vasco;Han usado Internet alguna vez;..
Usuarios de Internet en los últimos 12 meses;País Vasco;Han usado Internet en los últimos 12 meses;100
Usuarios de Internet en los últimos 12 meses;País Vasco;Han usado Internet en los últimos 3 meses;99,8
Usuarios de Internet en los últimos 12 meses;País Vasco;Han usado Internet semanalmente (al menos una vez a la semana);98,7
Usuarios de Internet en los últimos 12 meses;País Vasco;Han usado Internet diariamente (al menos 5 días a la semana);93,3
Usuarios de Internet en los últimos 12 meses;País Vasco;Han usado Internet varias veces al día;87
Usuarios de Internet en los últimos 12 meses;Rioja, La;Total;230.090
Usuarios de Internet en los últimos 12 meses;Rioja, La;Han usado Internet alguna vez;..
Usuarios de Internet en los últimos 12 meses;Rioja, La;Han usado Internet en los últimos 12 meses;100
Usuarios de Internet en los últimos 12 meses;Rioja, La;Han usado Internet en los últimos 3 meses;98,8
Usuarios de Internet en los últimos 12 meses;Rioja, La;Han usado Internet semanalmente (al menos una vez a la semana);98,5
Usuarios de Internet en los últimos 12 meses;Rioja, La;Han usado Internet diariamente (al menos 5 días a la semana);94
Usuarios de Internet en los últimos 12 meses;Rioja, La;Han usado Internet varias veces al día;85,9
Usuarios de Internet en los últimos 12 meses;Ceuta;Total;57.188
Usuarios de Internet en los últimos 12 meses;Ceuta;Han usado Internet alguna vez;..
Usuarios de Internet en los últimos 12 meses;Ceuta;Han usado Internet en los últimos 12 meses;100
Usuarios de Internet en los últimos 12 meses;Ceuta;Han usado Internet en los últimos 3 meses;100
Usuarios de Internet en los últimos 12 meses;Ceuta;Han usado Internet semanalmente (al menos una vez a la semana);98,8
Usuarios de Internet en los últimos 12 meses;Ceuta;Han usado Internet diariamente (al menos 5 días a la semana);94,2
Usuarios de Internet en los últimos 12 meses;Ceuta;Han usado Internet varias veces al día;83,8
Usuarios de Internet en los últimos 12 meses;Melilla;Total;62.947
Usuarios de Internet en los últimos 12 meses;Melilla;Han usado Internet alguna vez;..
Usuarios de Internet en los últimos 12 meses;Melilla;Han usado Internet en los últimos 12 meses;100
Usuarios de Internet en los últimos 12 meses;Melilla;Han usado Internet en los últimos 3 meses;98,6
Usuarios de Internet en los últimos 12 meses;Melilla;Han usado Internet semanalmente (al menos una vez a la semana);98,6
Usuarios de Internet en los últimos 12 meses;Melilla;Han usado Internet diariamente (al menos 5 días a la semana);94,5
Usuarios de Internet en los últimos 12 meses;Melilla;Han usado Internet varias veces al día;89,4
Usuarios de Internet en los últimos 3 meses;Total nacional;Total;35.107.949
Usuarios de Internet en los últimos 3 meses;Total nacional;Han usado Internet alguna vez;..
Usuarios de Internet en los últimos 3 meses;Total nacional;Han usado Internet en los últimos 12 meses;..
Usuarios de Internet en los últimos 3 meses;Total nacional;Han usado Internet en los últimos 3 meses;100
Usuarios de Internet en los últimos 3 meses;Total nacional;Han usado Internet semanalmente (al menos una vez a la semana);99,2
Usuarios de Internet en los últimos 3 meses;Total nacional;Han usado Internet diariamente (al menos 5 días a la semana);95,6
Usuarios de Internet en los últimos 3 meses;Total nacional;Han usado Internet varias veces al día;88,7
Usuarios de Internet en los últimos 3 meses;Andalucía;Total;6.209.192
Usuarios de Internet en los últimos 3 meses;Andalucía;Han usado Internet alguna vez;..
Usuarios de Internet en los últimos 3 meses;Andalucía;Han usado Internet en los últimos 12 meses;..
Usuarios de Internet en los últimos 3 meses;Andalucía;Han usado Internet en los últimos 3 meses;100
Usuarios de Internet en los últimos 3 meses;Andalucía;Han usado Internet semanalmente (al menos una vez a la semana);99,3
Usuarios de Internet en los últimos 3 meses;Andalucía;Han usado Internet diariamente (al menos 5 días a la semana);96,4
Usuarios de Internet en los últimos 3 meses;Andalucía;Han usado Internet varias veces al día;88,1
Usuarios de Internet en los últimos 3 meses;Aragón;Total;957.994
Usuarios de Internet en los últimos 3 meses;Aragón;Han usado Internet alguna vez;..
Usuarios de Internet en los últimos 3 meses;Aragón;Han usado Internet en los últimos 12 meses;..
Usuarios de Internet en los últimos 3 meses;Aragón;Han usado Internet en los últimos 3 meses;100
Usuarios de Internet en los últimos 3 meses;Aragón;Han usado Internet semanalmente (al menos una vez a la semana);98,7
Usuarios de Internet en los últimos 3 meses;Aragón;Han usado Internet diariamente (al menos 5 días a la semana);96,3
Usuarios de Internet en los últimos 3 meses;Aragón;Han usado Internet varias veces al día;87,8
Usuarios de Internet en los últimos 3 meses;Asturias, Principado de;Total;700.452
Usuarios de Internet en los últimos 3 meses;Asturias, Principado de;Han usado Internet alguna vez;..
Usuarios de Internet en los últimos 3 meses;Asturias, Principado de;Han usado Internet en los últimos 12 meses;..
Usuarios de Internet en los últimos 3 meses;Asturias, Principado de;Han usado Internet en los últimos 3 meses;100
Usuarios de Internet en los últimos 3 meses;Asturias, Principado de;Han usado Internet semanalmente (al menos una vez a la semana);98,8
Usuarios de Internet en los últimos 3 meses;Asturias, Principado de;Han usado Internet diariamente (al menos 5 días a la semana);93,7
Usuarios de Internet en los últimos 3 meses;Asturias, Principado de;Han usado Internet varias veces al día;84,9
Usuarios de Internet en los últimos 3 meses;Balears, Illes;Total;918.297
Usuarios de Internet en los últimos 3 meses;Balears, Illes;Han usado Internet alguna vez;..
Usuarios de Internet en los últimos 3 meses;Balears, Illes;Han usado Internet en los últimos 12 meses;..
Usuarios de Internet en los últimos 3 meses;Balears, Illes;Han usado Internet en los últimos 3 meses;100
Usuarios de Internet en los últimos 3 meses;Balears, Illes;Han usado Internet semanalmente (al menos una vez a la semana);99,1
Usuarios de Internet en los últimos 3 meses;Balears, Illes;Han usado Internet diariamente (al menos 5 días a la semana);96,8
Usuarios de Internet en los últimos 3 meses;Balears, Illes;Han usado Internet varias veces al día;91,3
Usuarios de Internet en los últimos 3 meses;Canarias;Total;1.706.384
Usuarios de Internet en los últimos 3 meses;Canarias;Han usado Internet alguna vez;..
Usuarios de Internet en los últimos 3 meses;Canarias;Han usado Internet en los últimos 12 meses;..
Usuarios de Internet en los últimos 3 meses;Canarias;Han usado Internet en los últimos 3 meses;100
Usuarios de Internet en los últimos 3 meses;Canarias;Han usado Internet semanalmente (al menos una vez a la semana);99,2
Usuarios de Internet en los últimos 3 meses;Canarias;Han usado Internet diariamente (al menos 5 días a la semana);96,2
Usuarios de Internet en los últimos 3 meses;Canarias;Han usado Internet varias veces al día;89,3
Usuarios de Internet en los últimos 3 meses;Cantabria;Total;419.415
Usuarios de Internet en los últimos 3 meses;Cantabria;Han usado Internet alguna vez;..
Usuarios de Internet en los últimos 3 meses;Cantabria;Han usado Internet en los últimos 12 meses;..
Usuarios de Internet en los últimos 3 meses;Cantabria;Han usado Internet en los últimos 3 meses;100
Usuarios de Internet en los últimos 3 meses;Cantabria;Han usado Internet semanalmente (al menos una vez a la semana);99,5
Usuarios de Internet en los últimos 3 meses;Cantabria;Han usado Internet diariamente (al menos 5 días a la semana);95,3
Usuarios de Internet en los últimos 3 meses;Cantabria;Han usado Internet varias veces al día;88,5
Usuarios de Internet en los últimos 3 meses;Castilla y León;Total;1.659.510
Usuarios de Internet en los últimos 3 meses;Castilla y León;Han usado Internet alguna vez;..
Usuarios de Internet en los últimos 3 meses;Castilla y León;Han usado Internet en los últimos 12 meses;..
Usuarios de Internet en los últimos 3 meses;Castilla y León;Han usado Internet en los últimos 3 meses;100
Usuarios de Internet en los últimos 3 meses;Castilla y León;Han usado Internet semanalmente (al menos una vez a la semana);98,9
Usuarios de Internet en los últimos 3 meses;Castilla y León;Han usado Internet diariamente (al menos 5 días a la semana);93,6
Usuarios de Internet en los últimos 3 meses;Castilla y León;Han usado Internet varias veces al día;84,1
Usuarios de Internet en los últimos 3 meses;Castilla-La Mancha;Total;1.510.393
Usuarios de Internet en los últimos 3 meses;Castilla-La Mancha;Han usado Internet alguna vez;..
Usuarios de Internet en los últimos 3 meses;Castilla-La Mancha;Han usado Internet en los últimos 12 meses;..
Usuarios de Internet en los últimos 3 meses;Castilla-La Mancha;Han usado Internet en los últimos 3 meses;100
Usuarios de Internet en los últimos 3 meses;Castilla-La Mancha;Han usado Internet semanalmente (al menos una vez a la semana);99,4
Usuarios de Internet en los últimos 3 meses;Castilla-La Mancha;Han usado Internet diariamente (al menos 5 días a la semana);94,8
Usuarios de Internet en los últimos 3 meses;Castilla-La Mancha;Han usado Internet varias veces al día;86,6
Usuarios de Internet en los últimos 3 meses;Cataluña;Total;5.853.183
Usuarios de Internet en los últimos 3 meses;Cataluña;Han usado Internet alguna vez;..
Usuarios de Internet en los últimos 3 meses;Cataluña;Han usado Internet en los últimos 12 meses;..
Usuarios de Internet en los últimos 3 meses;Cataluña;Han usado Internet en los últimos 3 meses;100
Usuarios de Internet en los últimos 3 meses;Cataluña;Han usado Internet semanalmente (al menos una vez a la semana);99,4
Usuarios de Internet en los últimos 3 meses;Cataluña;Han usado Internet diariamente (al menos 5 días a la semana);95,6
Usuarios de Internet en los últimos 3 meses;Cataluña;Han usado Internet varias veces al día;90,8
Usuarios de Internet en los últimos 3 meses;Comunitat Valenciana;Total;3.867.169
Usuarios de Internet en los últimos 3 meses;Comunitat Valenciana;Han usado Internet alguna vez;..
Usuarios de Internet en los últimos 3 meses;Comunitat Valenciana;Han usado Internet en los últimos 12 meses;..
Usuarios de Internet en los últimos 3 meses;Comunitat Valenciana;Han usado Internet en los últimos 3 meses;100
Usuarios de Internet en los últimos 3 meses;Comunitat Valenciana;Han usado Internet semanalmente (al menos una vez a la semana);99
Usuarios de Internet en los últimos 3 meses;Comunitat Valenciana;Han usado Internet diariamente (al menos 5 días a la semana);96,6
Usuarios de Internet en los últimos 3 meses;Comunitat Valenciana;Han usado Internet varias veces al día;89,5
Usuarios de Internet en los últimos 3 meses;Extremadura;Total;726.137
Usuarios de Internet en los últimos 3 meses;Extremadura;Han usado Internet alguna vez;..
Usuarios de Internet en los últimos 3 meses;Extremadura;Han usado Internet en los últimos 12 meses;..
Usuarios de Internet en los últimos 3 meses;Extremadura;Han usado Internet en los últimos 3 meses;100
Usuarios de Internet en los últimos 3 meses;Extremadura;Han usado Internet semanalmente (al menos una vez a la semana);99,4
Usuarios de Internet en los últimos 3 meses;Extremadura;Han usado Internet diariamente (al menos 5 días a la semana);95,9
Usuarios de Internet en los últimos 3 meses;Extremadura;Han usado Internet varias veces al día;89,1
Usuarios de Internet en los últimos 3 meses;Galicia;Total;1.840.425
Usuarios de Internet en los últimos 3 meses;Galicia;Han usado Internet alguna vez;..
Usuarios de Internet en los últimos 3 meses;Galicia;Han usado Internet en los últimos 12 meses;..
Usuarios de Internet en los últimos 3 meses;Galicia;Han usado Internet en los últimos 3 meses;100
Usuarios de Internet en los últimos 3 meses;Galicia;Han usado Internet semanalmente (al menos una vez a la semana);98,1
Usuarios de Internet en los últimos 3 meses;Galicia;Han usado Internet diariamente (al menos 5 días a la semana);94
Usuarios de Internet en los últimos 3 meses;Galicia;Han usado Internet varias veces al día;86,3
Usuarios de Internet en los últimos 3 meses;Madrid, Comunidad de;Total;5.207.802
Usuarios de Internet en los últimos 3 meses;Madrid, Comunidad de;Han usado Internet alguna vez;..
Usuarios de Internet en los últimos 3 meses;Madrid, Comunidad de;Han usado Internet en los últimos 12 meses;..
Usuarios de Internet en los últimos 3 meses;Madrid, Comunidad de;Han usado Internet en los últimos 3 meses;100
Usuarios de Internet en los últimos 3 meses;Madrid, Comunidad de;Han usado Internet semanalmente (al menos una vez a la semana);99,4
Usuarios de Internet en los últimos 3 meses;Madrid, Comunidad de;Han usado Internet diariamente (al menos 5 días a la semana);95,7
Usuarios de Internet en los últimos 3 meses;Madrid, Comunidad de;Han usado Internet varias veces al día;90,2
Usuarios de Internet en los últimos 3 meses;Murcia, Región de;Total;1.124.410
Usuarios de Internet en los últimos 3 meses;Murcia, Región de;Han usado Internet alguna vez;..
Usuarios de Internet en los últimos 3 meses;Murcia, Región de;Han usado Internet en los últimos 12 meses;..
Usuarios de Internet en los últimos 3 meses;Murcia, Región de;Han usado Internet en los últimos 3 meses;100
Usuarios de Internet en los últimos 3 meses;Murcia, Región de;Han usado Internet semanalmente (al menos una vez a la semana);99,1
Usuarios de Internet en los últimos 3 meses;Murcia, Región de;Han usado Internet diariamente (al menos 5 días a la semana);94,5
Usuarios de Internet en los últimos 3 meses;Murcia, Región de;Han usado Internet varias veces al día;88,1
Usuarios de Internet en los últimos 3 meses;Navarra, Comunidad Foral de;Total;480.854
Usuarios de Internet en los últimos 3 meses;Navarra, Comunidad Foral de;Han usado Internet alguna vez;..
Usuarios de Internet en los últimos 3 meses;Navarra, Comunidad Foral de;Han usado Internet en los últimos 12 meses;..
Usuarios de Internet en los últimos 3 meses;Navarra, Comunidad Foral de;Han usado Internet en los últimos 3 meses;100
Usuarios de Internet en los últimos 3 meses;Navarra, Comunidad Foral de;Han usado Internet semanalmente (al menos una vez a la semana);99,3
Usuarios de Internet en los últimos 3 meses;Navarra, Comunidad Foral de;Han usado Internet diariamente (al menos 5 días a la semana);96,3
Usuarios de Internet en los últimos 3 meses;Navarra, Comunidad Foral de;Han usado Internet varias veces al día;89
Usuarios de Internet en los últimos 3 meses;País Vasco;Total;1.579.781
Usuarios de Internet en los últimos 3 meses;País Vasco;Han usado Internet alguna vez;..
Usuarios de Internet en los últimos 3 meses;País Vasco;Han usado Internet en los últimos 12 meses;..
Usuarios de Internet en los últimos 3 meses;País Vasco;Han usado Internet en los últimos 3 meses;100
Usuarios de Internet en los últimos 3 meses;País Vasco;Han usado Internet semanalmente (al menos una vez a la semana);98,9
Usuarios de Internet en los últimos 3 meses;País Vasco;Han usado Internet diariamente (al menos 5 días a la semana);93,5
Usuarios de Internet en los últimos 3 meses;País Vasco;Han usado Internet varias veces al día;87,2
Usuarios de Internet en los últimos 3 meses;Rioja, La;Total;227.268
Usuarios de Internet en los últimos 3 meses;Rioja, La;Han usado Internet alguna vez;..
Usuarios de Internet en los últimos 3 meses;Rioja, La;Han usado Internet en los últimos 12 meses;..
Usuarios de Internet en los últimos 3 meses;Rioja, La;Han usado Internet en los últimos 3 meses;100
Usuarios de Internet en los últimos 3 meses;Rioja, La;Han usado Internet semanalmente (al menos una vez a la semana);99,7
Usuarios de Internet en los últimos 3 meses;Rioja, La;Han usado Internet diariamente (al menos 5 días a la semana);95,2
Usuarios de Internet en los últimos 3 meses;Rioja, La;Han usado Internet varias veces al día;87
Usuarios de Internet en los últimos 3 meses;Ceuta;Total;57.188
Usuarios de Internet en los últimos 3 meses;Ceuta;Han usado Internet alguna vez;..
Usuarios de Internet en los últimos 3 meses;Ceuta;Han usado Internet en los últimos 12 meses;..
Usuarios de Internet en los últimos 3 meses;Ceuta;Han usado Internet en los últimos 3 meses;100
Usuarios de Internet en los últimos 3 meses;Ceuta;Han usado Internet semanalmente (al menos una vez a la semana);98,8
Usuarios de Internet en los últimos 3 meses;Ceuta;Han usado Internet diariamente (al menos 5 días a la semana);94,2
Usuarios de Internet en los últimos 3 meses;Ceuta;Han usado Internet varias veces al día;83,8
Usuarios de Internet en los últimos 3 meses;Melilla;Total;62.096
Usuarios de Internet en los últimos 3 meses;Melilla;Han usado Internet alguna vez;..
Usuarios de Internet en los últimos 3 meses;Melilla;Han usado Internet en los últimos 12 meses;..
Usuarios de Internet en los últimos 3 meses;Melilla;Han usado Internet en los últimos 3 meses;100
Usuarios de Internet en los últimos 3 meses;Melilla;Han usado Internet semanalmente (al menos una vez a la semana);100
Usuarios de Internet en los últimos 3 meses;Melilla;Han usado Internet diariamente (al menos 5 días a la semana);95,8
Usuarios de Internet en los últimos 3 meses;Melilla;Han usado Internet varias veces al día;90,6
